,Height (ft),Latitude,Longitude,Moon Illuminated,clusters,cluster
4139,0.62,48.40572205,-122.6449002,0.75,0,blue
4142,10.63,48.40572205,-122.6449002,0.75,1,orange
4146,5.65,48.40572205,-122.6449002,0.75,1,orange
4148,7.16,48.40572205,-122.6449002,0.75,1,orange
4151,1.79,48.40572205,-122.6449002,0.67,0,blue
4154,10.53,48.40572205,-122.6449002,0.67,1,orange
4158,4.84,48.40572205,-122.6449002,0.67,1,orange
4160,6.71,48.40572205,-122.6449002,0.67,1,orange
4163,3.18,48.40572205,-122.6449002,0.58,0,blue
4166,10.4,48.40572205,-122.6449002,0.58,1,orange
4169,3.89,48.40572205,-122.6449002,0.58,0,blue
4172,6.53,48.40572205,-122.6449002,0.58,1,orange
4175,4.69,48.40572205,-122.6449002,0.48,1,orange
4178,10.22,48.40572205,-122.6449002,0.48,1,orange
4181,2.84,48.40572205,-122.6449002,0.48,0,blue
4184,6.83,48.40572205,-122.6449002,0.39,1,orange
4187,6.18,48.40572205,-122.6449002,0.39,1,orange
4190,10.02,48.40572205,-122.6449002,0.39,1,orange
4193,1.73,48.40572205,-122.6449002,0.39,0,blue
4196,7.67,48.40572205,-122.6449002,0.29,1,orange
4199,7.46,48.40572205,-122.6449002,0.29,1,orange
4202,9.84,48.40572205,-122.6449002,0.29,1,orange
4205,0.62,48.40572205,-122.6449002,0.29,0,blue
4208,8.72,48.40572205,-122.6449002,0.2,1,orange
4211,8.29,48.40572205,-122.6449002,0.2,1,orange
4214,9.73,48.40572205,-122.6449002,0.2,1,orange
4217,-0.44,48.40572205,-122.6449002,0.2,0,blue
4220,9.64,48.40572205,-122.6449002,0.13,1,orange
4223,8.66,48.40572205,-122.6449002,0.13,1,orange
4226,9.72,48.40572205,-122.6449002,0.13,1,orange
4229,-1.42,48.40572205,-122.6449002,0.13,0,blue
4232,10.34,48.40572205,-122.6449002,0.06,1,orange
4235,8.71,48.40572205,-122.6449002,0.06,1,orange
4238,9.82,48.40572205,-122.6449002,0.06,1,orange
4241,-2.25,48.40572205,-122.6449002,0.06,0,blue
4244,10.82,48.40572205,-122.6449002,0.02,1,orange
4247,8.55,48.40572205,-122.6449002,0.02,1,orange
4250,9.96,48.40572205,-122.6449002,0.02,1,orange
4253,-2.85,48.40572205,-122.6449002,0.02,0,blue
4256,11.13,48.40572205,-122.6449002,0.0,1,orange
4259,8.19,48.40572205,-122.6449002,0.0,1,orange
4262,10.06,48.40572205,-122.6449002,0.0,1,orange
4265,-3.16,48.40572205,-122.6449002,0.0,0,blue
4268,11.34,48.40572205,-122.6449002,0.01,1,orange
4271,7.64,48.40572205,-122.6449002,0.01,1,orange
4274,10.03,48.40572205,-122.6449002,0.01,1,orange
4277,-3.06,48.40572205,-122.6449002,0.05,0,blue
4280,11.48,48.40572205,-122.6449002,0.05,1,orange
4283,6.89,48.40572205,-122.6449002,0.05,1,orange
4286,9.78,48.40572205,-122.6449002,0.05,1,orange
4289,-2.47,48.40572205,-122.6449002,0.11,0,blue
4292,11.58,48.40572205,-122.6449002,0.11,1,orange
4295,5.96,48.40572205,-122.6449002,0.11,1,orange
4298,9.29,48.40572205,-122.6449002,0.11,1,orange
4301,-1.37,48.40572205,-122.6449002,0.2,0,blue
4304,11.63,48.40572205,-122.6449002,0.2,1,orange
4307,4.86,48.40572205,-122.6449002,0.2,1,orange
4310,8.63,48.40572205,-122.6449002,0.2,1,orange
4313,0.21,48.40572205,-122.6449002,0.3,0,blue
4316,11.61,48.40572205,-122.6449002,0.3,1,orange
4319,3.68,48.40572205,-122.6449002,0.3,0,blue
4322,7.96,48.40572205,-122.6449002,0.3,1,orange
4325,2.13,48.40572205,-122.6449002,0.41,0,blue
4328,11.47,48.40572205,-122.6449002,0.41,1,orange
4331,2.49,48.40572205,-122.6449002,0.41,0,blue
4334,7.53,48.40572205,-122.6449002,0.41,1,orange
4337,4.2,48.40572205,-122.6449002,0.52,0,blue
4340,11.19,48.40572205,-122.6449002,0.52,1,orange
4343,1.37,48.40572205,-122.6449002,0.52,0,blue
4346,7.68,48.40572205,-122.6449002,0.63,1,orange
4349,6.12,48.40572205,-122.6449002,0.63,1,orange
4352,10.79,48.40572205,-122.6449002,0.63,1,orange
4355,0.41,48.40572205,-122.6449002,0.63,0,blue
4358,8.53,48.40572205,-122.6449002,0.73,1,orange
4361,7.54,48.40572205,-122.6449002,0.73,1,orange
4364,10.33,48.40572205,-122.6449002,0.73,1,orange
4367,-0.34,48.40572205,-122.6449002,0.73,0,blue
4370,9.57,48.40572205,-122.6449002,0.82,1,orange
4373,8.14,48.40572205,-122.6449002,0.82,1,orange
4376,9.89,48.40572205,-122.6449002,0.82,1,orange
4379,-0.86,48.40572205,-122.6449002,0.82,0,blue
4382,10.36,48.40572205,-122.6449002,0.89,1,orange
4385,8.1,48.40572205,-122.6449002,0.89,1,orange
4388,9.54,48.40572205,-122.6449002,0.89,1,orange
4391,-1.16,48.40572205,-122.6449002,0.89,0,blue
4394,10.8,48.40572205,-122.6449002,0.94,1,orange
4397,7.8,48.40572205,-122.6449002,0.94,1,orange
4400,9.31,48.40572205,-122.6449002,0.94,1,orange
4403,-1.27,48.40572205,-122.6449002,0.94,0,blue
4406,10.94,48.40572205,-122.6449002,0.98,1,orange
4409,7.44,48.40572205,-122.6449002,0.98,1,orange
4412,9.17,48.40572205,-122.6449002,0.98,1,orange
4415,-1.25,48.40572205,-122.6449002,0.98,0,blue
4418,10.9,48.40572205,-122.6449002,1.0,1,orange
4421,7.07,48.40572205,-122.6449002,1.0,1,orange
4424,9.05,48.40572205,-122.6449002,1.0,1,orange
4427,-1.09,48.40572205,-122.6449002,1.0,0,blue
4430,10.79,48.40572205,-122.6449002,1.0,1,orange
4433,6.66,48.40572205,-122.6449002,1.0,1,orange
4436,8.91,48.40572205,-122.6449002,1.0,1,orange
4439,-0.77,48.40572205,-122.6449002,1.0,0,blue
4442,10.71,48.40572205,-122.6449002,0.98,1,orange
4445,6.17,48.40572205,-122.6449002,0.98,1,orange
4448,8.71,48.40572205,-122.6449002,0.98,1,orange
4451,-0.27,48.40572205,-122.6449002,0.94,0,blue
4454,10.68,48.40572205,-122.6449002,0.94,1,orange
4457,5.58,48.40572205,-122.6449002,0.94,1,orange
4460,8.43,48.40572205,-122.6449002,0.94,1,orange
4463,0.48,48.40572205,-122.6449002,0.89,0,blue
4466,10.68,48.40572205,-122.6449002,0.89,1,orange
4469,4.91,48.40572205,-122.6449002,0.89,1,orange
4472,8.1,48.40572205,-122.6449002,0.89,1,orange
4475,1.49,48.40572205,-122.6449002,0.82,0,blue
4478,10.64,48.40572205,-122.6449002,0.82,1,orange
4481,4.18,48.40572205,-122.6449002,0.82,0,blue
4484,7.74,48.40572205,-122.6449002,0.82,1,orange
4487,2.74,48.40572205,-122.6449002,0.74,0,blue
4490,10.52,48.40572205,-122.6449002,0.74,1,orange
4493,3.42,48.40572205,-122.6449002,0.74,0,blue
4496,7.44,48.40572205,-122.6449002,0.74,1,orange
4499,4.17,48.40572205,-122.6449002,0.66,0,blue
4502,10.29,48.40572205,-122.6449002,0.66,1,orange
4505,2.68,48.40572205,-122.6449002,0.66,0,blue
4508,7.29,48.40572205,-122.6449002,0.66,1,orange
4511,5.66,48.40572205,-122.6449002,0.56,1,orange
4514,9.98,48.40572205,-122.6449002,0.56,1,orange
4517,1.96,48.40572205,-122.6449002,0.56,0,blue
4520,7.44,48.40572205,-122.6449002,0.56,1,orange
4522,7.08,48.40572205,-122.6449002,0.47,1,orange
4526,9.65,48.40572205,-122.6449002,0.47,1,orange
4529,1.22,48.40572205,-122.6449002,0.47,0,blue
4532,8.07,48.40572205,-122.6449002,0.36,1,orange
4535,8.25,48.40572205,-122.6449002,0.36,1,orange
4538,9.38,48.40572205,-122.6449002,0.36,1,orange
4541,0.43,48.40572205,-122.6449002,0.36,0,blue
4544,8.96,48.40572205,-122.6449002,0.27,1,orange
4547,8.82,48.40572205,-122.6449002,0.27,1,orange
4550,9.24,48.40572205,-122.6449002,0.27,1,orange
4553,-0.42,48.40572205,-122.6449002,0.27,0,blue
4556,9.71,48.40572205,-122.6449002,0.18,1,orange
4559,8.76,48.40572205,-122.6449002,0.18,1,orange
4562,9.29,48.40572205,-122.6449002,0.18,1,orange
4565,-1.28,48.40572205,-122.6449002,0.18,0,blue
4568,10.25,48.40572205,-122.6449002,0.1,1,orange
4571,8.37,48.40572205,-122.6449002,0.1,1,orange
4574,9.53,48.40572205,-122.6449002,0.1,1,orange
4577,-2.03,48.40572205,-122.6449002,0.1,0,blue
4580,10.64,48.40572205,-122.6449002,0.04,1,orange
4583,7.76,48.40572205,-122.6449002,0.04,1,orange
4586,9.84,48.40572205,-122.6449002,0.04,1,orange
4589,-2.52,48.40572205,-122.6449002,0.04,0,blue
4592,10.94,48.40572205,-122.6449002,0.01,1,orange
4595,6.94,48.40572205,-122.6449002,0.01,1,orange
4598,10.07,48.40572205,-122.6449002,0.01,1,orange
4601,-2.6,48.40572205,-122.6449002,0.01,0,blue
4604,11.18,48.40572205,-122.6449002,0.0,1,orange
4607,5.91,48.40572205,-122.6449002,0.0,1,orange
4610,10.12,48.40572205,-122.6449002,0.0,1,orange
4613,-2.16,48.40572205,-122.6449002,0.0,0,blue
4616,11.38,48.40572205,-122.6449002,0.03,1,orange
4619,4.73,48.40572205,-122.6449002,0.03,1,orange
4622,9.94,48.40572205,-122.6449002,0.03,1,orange
4625,-1.19,48.40572205,-122.6449002,0.08,0,blue
4628,11.53,48.40572205,-122.6449002,0.08,1,orange
4631,3.5,48.40572205,-122.6449002,0.08,0,blue
4634,9.56,48.40572205,-122.6449002,0.08,1,orange
4637,0.27,48.40572205,-122.6449002,0.16,0,blue
4640,11.56,48.40572205,-122.6449002,0.16,1,orange
4643,2.36,48.40572205,-122.6449002,0.16,0,blue
4646,9.06,48.40572205,-122.6449002,0.16,1,orange
4649,2.07,48.40572205,-122.6449002,0.26,0,blue
4652,11.41,48.40572205,-122.6449002,0.26,1,orange
4655,1.42,48.40572205,-122.6449002,0.26,0,blue
4658,8.58,48.40572205,-122.6449002,0.26,1,orange
4661,4.02,48.40572205,-122.6449002,0.36,0,blue
4664,11.06,48.40572205,-122.6449002,0.36,1,orange
4667,0.77,48.40572205,-122.6449002,0.36,0,blue
4670,8.29,48.40572205,-122.6449002,0.36,1,orange
4673,5.87,48.40572205,-122.6449002,0.47,1,orange
4676,10.51,48.40572205,-122.6449002,0.47,1,orange
4679,0.4,48.40572205,-122.6449002,0.47,0,blue
4682,8.44,48.40572205,-122.6449002,0.58,1,orange
4685,7.36,48.40572205,-122.6449002,0.58,1,orange
4688,9.84,48.40572205,-122.6449002,0.58,1,orange
4691,0.23,48.40572205,-122.6449002,0.58,0,blue
4694,9.11,48.40572205,-122.6449002,0.68,1,orange
4697,8.05,48.40572205,-122.6449002,0.68,1,orange
4700,9.19,48.40572205,-122.6449002,0.68,1,orange
4703,0.12,48.40572205,-122.6449002,0.68,0,blue
4706,9.81,48.40572205,-122.6449002,0.77,1,orange
4709,7.81,48.40572205,-122.6449002,0.77,1,orange
4712,8.73,48.40572205,-122.6449002,0.77,1,orange
4715,-0.01,48.40572205,-122.6449002,0.77,0,blue
4718,10.26,48.40572205,-122.6449002,0.84,1,orange
4721,7.25,48.40572205,-122.6449002,0.84,1,orange
4724,8.55,48.40572205,-122.6449002,0.84,1,orange
4727,-0.14,48.40572205,-122.6449002,0.84,0,blue
4730,10.45,48.40572205,-122.6449002,0.91,1,orange
4733,6.67,48.40572205,-122.6449002,0.91,1,orange
4736,8.58,48.40572205,-122.6449002,0.91,1,orange
4739,-0.21,48.40572205,-122.6449002,0.91,0,blue
4742,10.44,48.40572205,-122.6449002,0.96,1,orange
4745,6.14,48.40572205,-122.6449002,0.96,1,orange
4748,8.68,48.40572205,-122.6449002,0.96,1,orange
4751,-0.17,48.40572205,-122.6449002,0.96,0,blue
4754,10.35,48.40572205,-122.6449002,0.99,1,orange
4757,5.62,48.40572205,-122.6449002,0.99,1,orange
4760,8.75,48.40572205,-122.6449002,0.99,1,orange
4763,0.05,48.40572205,-122.6449002,0.99,0,blue
4766,10.28,48.40572205,-122.6449002,1.0,1,orange
4769,5.05,48.40572205,-122.6449002,1.0,1,orange
4772,8.77,48.40572205,-122.6449002,1.0,1,orange
4775,0.46,48.40572205,-122.6449002,1.0,0,blue
4778,10.27,48.40572205,-122.6449002,0.99,1,orange
4781,4.39,48.40572205,-122.6449002,0.99,0,blue
4784,8.74,48.40572205,-122.6449002,0.99,1,orange
4787,1.1,48.40572205,-122.6449002,0.97,0,blue
4790,10.3,48.40572205,-122.6449002,0.97,1,orange
4793,3.65,48.40572205,-122.6449002,0.97,0,blue
4796,8.68,48.40572205,-122.6449002,0.97,1,orange
4799,1.95,48.40572205,-122.6449002,0.93,0,blue
4802,10.31,48.40572205,-122.6449002,0.93,1,orange
4805,2.88,48.40572205,-122.6449002,0.93,0,blue
4808,8.58,48.40572205,-122.6449002,0.93,1,orange
4811,3.0,48.40572205,-122.6449002,0.88,0,blue
4814,10.23,48.40572205,-122.6449002,0.88,1,orange
4817,2.17,48.40572205,-122.6449002,0.88,0,blue
4820,8.47,48.40572205,-122.6449002,0.88,1,orange
4823,4.18,48.40572205,-122.6449002,0.81,0,blue
4826,10.03,48.40572205,-122.6449002,0.81,1,orange
4829,1.57,48.40572205,-122.6449002,0.81,0,blue
4832,8.35,48.40572205,-122.6449002,0.81,1,orange
4835,5.42,48.40572205,-122.6449002,0.73,1,orange
4838,9.74,48.40572205,-122.6449002,0.73,1,orange
4841,1.13,48.40572205,-122.6449002,0.73,0,blue
4844,8.23,48.40572205,-122.6449002,0.73,1,orange
4847,6.62,48.40572205,-122.6449002,0.63,1,orange
4850,9.39,48.40572205,-122.6449002,0.63,1,orange
4853,0.82,48.40572205,-122.6449002,0.63,0,blue
4856,8.21,48.40572205,-122.6449002,0.63,1,orange
4858,7.7,48.40572205,-122.6449002,0.53,1,orange
4862,9.03,48.40572205,-122.6449002,0.53,1,orange
4865,0.56,48.40572205,-122.6449002,0.53,0,blue
4868,8.48,48.40572205,-122.6449002,0.43,1,orange
4871,8.44,48.40572205,-122.6449002,0.43,1,orange
4874,8.71,48.40572205,-122.6449002,0.43,1,orange
4877,0.2,48.40572205,-122.6449002,0.43,0,blue
4880,9.05,48.40572205,-122.6449002,0.32,1,orange
4883,8.48,48.40572205,-122.6449002,0.32,1,orange
4886,8.52,48.40572205,-122.6449002,0.32,1,orange
4889,-0.32,48.40572205,-122.6449002,0.32,0,blue
4892,9.58,48.40572205,-122.6449002,0.22,1,orange
4895,7.95,48.40572205,-122.6449002,0.22,1,orange
4898,8.65,48.40572205,-122.6449002,0.22,1,orange
4901,-0.92,48.40572205,-122.6449002,0.22,0,blue
4904,10.0,48.40572205,-122.6449002,0.13,1,orange
4907,7.11,48.40572205,-122.6449002,0.13,1,orange
4910,9.03,48.40572205,-122.6449002,0.13,1,orange
4913,-1.37,48.40572205,-122.6449002,0.13,0,blue
4916,10.35,48.40572205,-122.6449002,0.06,1,orange
4919,6.01,48.40572205,-122.6449002,0.06,1,orange
4922,9.47,48.40572205,-122.6449002,0.06,1,orange
4925,-1.47,48.40572205,-122.6449002,0.06,0,blue
4928,10.66,48.40572205,-122.6449002,0.02,1,orange
4931,4.71,48.40572205,-122.6449002,0.02,1,orange
4934,9.82,48.40572205,-122.6449002,0.02,1,orange
4937,-1.09,48.40572205,-122.6449002,0.02,0,blue
4940,10.93,48.40572205,-122.6449002,0.0,1,orange
4943,3.28,48.40572205,-122.6449002,0.0,0,blue
4946,10.01,48.40572205,-122.6449002,0.0,1,orange
4949,-0.22,48.40572205,-122.6449002,0.01,0,blue
4952,11.14,48.40572205,-122.6449002,0.01,1,orange
4955,1.88,48.40572205,-122.6449002,0.01,0,blue
4958,10.02,48.40572205,-122.6449002,0.01,1,orange
4961,1.06,48.40572205,-122.6449002,0.06,0,blue
4964,11.21,48.40572205,-122.6449002,0.06,1,orange
4967,0.68,48.40572205,-122.6449002,0.06,0,blue
4970,9.89,48.40572205,-122.6449002,0.06,1,orange
4973,2.6,48.40572205,-122.6449002,0.13,0,blue
4976,11.1,48.40572205,-122.6449002,0.13,1,orange
4979,-0.17,48.40572205,-122.6449002,0.13,0,blue
4982,9.66,48.40572205,-122.6449002,0.13,1,orange
4985,4.22,48.40572205,-122.6449002,0.21,0,blue
4988,10.74,48.40572205,-122.6449002,0.21,1,orange
4991,-0.58,48.40572205,-122.6449002,0.21,0,blue
4994,9.37,48.40572205,-122.6449002,0.21,1,orange
4997,5.72,48.40572205,-122.6449002,0.31,1,orange
5000,10.16,48.40572205,-122.6449002,0.31,1,orange
5003,-0.54,48.40572205,-122.6449002,0.31,0,blue
5006,9.14,48.40572205,-122.6449002,0.31,1,orange
5009,6.95,48.40572205,-122.6449002,0.41,1,orange
5012,9.4,48.40572205,-122.6449002,0.41,1,orange
5015,-0.16,48.40572205,-122.6449002,0.41,0,blue
5018,9.11,48.40572205,-122.6449002,0.52,1,orange
5021,7.62,48.40572205,-122.6449002,0.52,1,orange
5024,8.59,48.40572205,-122.6449002,0.52,1,orange
5027,0.34,48.40572205,-122.6449002,0.52,0,blue
5030,9.37,48.40572205,-122.6449002,0.62,1,orange
5033,7.41,48.40572205,-122.6449002,0.62,1,orange
5036,7.92,48.40572205,-122.6449002,0.62,1,orange
5039,0.73,48.40572205,-122.6449002,0.62,0,blue
5042,9.67,48.40572205,-122.6449002,0.71,1,orange
5045,6.68,48.40572205,-122.6449002,0.71,1,orange
5048,7.62,48.40572205,-122.6449002,0.71,1,orange
5051,0.89,48.40572205,-122.6449002,0.71,0,blue
5054,9.85,48.40572205,-122.6449002,0.79,1,orange
5057,5.9,48.40572205,-122.6449002,0.79,1,orange
5060,7.69,48.40572205,-122.6449002,0.79,1,orange
5063,0.92,48.40572205,-122.6449002,0.79,0,blue
5066,9.9,48.40572205,-122.6449002,0.87,1,orange
5069,5.17,48.40572205,-122.6449002,0.87,1,orange
5072,7.94,48.40572205,-122.6449002,0.87,1,orange
5075,1.0,48.40572205,-122.6449002,0.87,0,blue
5078,9.86,48.40572205,-122.6449002,0.92,1,orange
5081,4.49,48.40572205,-122.6449002,0.92,0,blue
5084,8.21,48.40572205,-122.6449002,0.92,1,orange
5087,1.23,48.40572205,-122.6449002,0.92,0,blue
5090,9.8,48.40572205,-122.6449002,0.97,1,orange
5093,3.78,48.40572205,-122.6449002,0.97,0,blue
5096,8.45,48.40572205,-122.6449002,0.97,1,orange
5099,1.67,48.40572205,-122.6449002,0.97,0,blue
5102,9.79,48.40572205,-122.6449002,0.99,1,orange
5105,3.02,48.40572205,-122.6449002,0.99,0,blue
5108,8.66,48.40572205,-122.6449002,0.99,1,orange
5111,2.29,48.40572205,-122.6449002,1.0,0,blue
5114,9.82,48.40572205,-122.6449002,1.0,1,orange
5117,2.21,48.40572205,-122.6449002,1.0,0,blue
5120,8.85,48.40572205,-122.6449002,1.0,1,orange
5123,3.06,48.40572205,-122.6449002,0.99,0,blue
5126,9.83,48.40572205,-122.6449002,0.99,1,orange
5129,1.4,48.40572205,-122.6449002,0.99,0,blue
5132,9.04,48.40572205,-122.6449002,0.99,1,orange
5135,3.94,48.40572205,-122.6449002,0.96,0,blue
5138,9.77,48.40572205,-122.6449002,0.96,1,orange
5141,0.68,48.40572205,-122.6449002,0.96,0,blue
5144,9.19,48.40572205,-122.6449002,0.96,1,orange
5147,4.86,48.40572205,-122.6449002,0.92,1,orange
5150,9.61,48.40572205,-122.6449002,0.92,1,orange
5153,0.12,48.40572205,-122.6449002,0.92,0,blue
5156,9.26,48.40572205,-122.6449002,0.92,1,orange
5159,5.77,48.40572205,-122.6449002,0.86,1,orange
5162,9.37,48.40572205,-122.6449002,0.86,1,orange
5165,-0.24,48.40572205,-122.6449002,0.86,0,blue
5168,9.23,48.40572205,-122.6449002,0.86,1,orange
5171,6.63,48.40572205,-122.6449002,0.78,1,orange
5174,9.08,48.40572205,-122.6449002,0.78,1,orange
5177,-0.36,48.40572205,-122.6449002,0.78,0,blue
5180,9.09,48.40572205,-122.6449002,0.78,1,orange
5183,7.39,48.40572205,-122.6449002,0.69,1,orange
5186,8.75,48.40572205,-122.6449002,0.69,1,orange
5189,-0.31,48.40572205,-122.6449002,0.69,0,blue
5192,8.96,48.40572205,-122.6449002,0.69,1,orange
5195,7.94,48.40572205,-122.6449002,0.59,1,orange
5198,8.38,48.40572205,-122.6449002,0.59,1,orange
5201,-0.17,48.40572205,-122.6449002,0.59,0,blue
5204,9.0,48.40572205,-122.6449002,0.48,1,orange
5207,8.04,48.40572205,-122.6449002,0.48,1,orange
5210,7.97,48.40572205,-122.6449002,0.48,1,orange
5213,-0.09,48.40572205,-122.6449002,0.48,0,blue
5216,9.27,48.40572205,-122.6449002,0.37,1,orange
5219,7.48,48.40572205,-122.6449002,0.37,1,orange
5222,7.75,48.40572205,-122.6449002,0.37,1,orange
5225,-0.12,48.40572205,-122.6449002,0.37,0,blue
5228,9.61,48.40572205,-122.6449002,0.26,1,orange
5231,6.48,48.40572205,-122.6449002,0.26,1,orange
5234,7.93,48.40572205,-122.6449002,0.26,1,orange
5237,-0.16,48.40572205,-122.6449002,0.26,0,blue
5240,9.95,48.40572205,-122.6449002,0.17,1,orange
5243,5.16,48.40572205,-122.6449002,0.17,1,orange
5246,8.39,48.40572205,-122.6449002,0.17,1,orange
5249,-0.01,48.40572205,-122.6449002,0.17,0,blue
5252,10.28,48.40572205,-122.6449002,0.09,1,orange
5255,3.62,48.40572205,-122.6449002,0.09,0,blue
5258,8.94,48.40572205,-122.6449002,0.09,1,orange
5261,0.49,48.40572205,-122.6449002,0.09,0,blue
5264,10.57,48.40572205,-122.6449002,0.03,1,orange
5267,1.98,48.40572205,-122.6449002,0.03,0,blue
5270,9.47,48.40572205,-122.6449002,0.03,1,orange
5273,1.35,48.40572205,-122.6449002,0.03,0,blue
5276,10.79,48.40572205,-122.6449002,0.0,1,orange
5279,0.43,48.40572205,-122.6449002,0.0,0,blue
5282,9.9,48.40572205,-122.6449002,0.0,1,orange
5285,2.48,48.40572205,-122.6449002,0.0,0,blue
5288,10.87,48.40572205,-122.6449002,0.0,1,orange
5291,-0.85,48.40572205,-122.6449002,0.0,0,blue
5294,10.18,48.40572205,-122.6449002,0.0,1,orange
5297,3.74,48.40572205,-122.6449002,0.04,0,blue
5300,10.76,48.40572205,-122.6449002,0.04,1,orange
5303,-1.7,48.40572205,-122.6449002,0.04,0,blue
5306,10.31,48.40572205,-122.6449002,0.04,1,orange
5309,4.96,48.40572205,-122.6449002,0.09,1,orange
5312,10.43,48.40572205,-122.6449002,0.09,1,orange
5315,-2.04,48.40572205,-122.6449002,0.09,0,blue
5318,10.27,48.40572205,-122.6449002,0.09,1,orange
5321,6.02,48.40572205,-122.6449002,0.17,1,orange
5324,9.88,48.40572205,-122.6449002,0.17,1,orange
5327,-1.87,48.40572205,-122.6449002,0.17,0,blue
5330,10.08,48.40572205,-122.6449002,0.17,1,orange
5333,6.81,48.40572205,-122.6449002,0.26,1,orange
5336,9.15,48.40572205,-122.6449002,0.26,1,orange
5339,-1.28,48.40572205,-122.6449002,0.26,0,blue
5342,9.81,48.40572205,-122.6449002,0.26,1,orange
5345,7.23,48.40572205,-122.6449002,0.35,1,orange
5348,8.33,48.40572205,-122.6449002,0.35,1,orange
5351,-0.44,48.40572205,-122.6449002,0.35,0,blue
5354,9.59,48.40572205,-122.6449002,0.45,1,orange
5357,7.11,48.40572205,-122.6449002,0.45,1,orange
5360,7.52,48.40572205,-122.6449002,0.45,1,orange
5363,0.45,48.40572205,-122.6449002,0.45,0,blue
5366,9.51,48.40572205,-122.6449002,0.55,1,orange
5369,6.42,48.40572205,-122.6449002,0.55,1,orange
5372,6.94,48.40572205,-122.6449002,0.55,1,orange
5375,1.19,48.40572205,-122.6449002,0.55,0,blue
5378,9.51,48.40572205,-122.6449002,0.65,1,orange
5381,5.53,48.40572205,-122.6449002,0.65,1,orange
5384,6.76,48.40572205,-122.6449002,0.65,1,orange
5387,1.71,48.40572205,-122.6449002,0.65,0,blue
5390,9.53,48.40572205,-122.6449002,0.74,1,orange
5393,4.62,48.40572205,-122.6449002,0.74,1,orange
5396,6.96,48.40572205,-122.6449002,0.74,1,orange
5399,2.1,48.40572205,-122.6449002,0.74,0,blue
5402,9.52,48.40572205,-122.6449002,0.82,1,orange
5405,3.72,48.40572205,-122.6449002,0.82,0,blue
5408,7.36,48.40572205,-122.6449002,0.82,1,orange
5411,2.52,48.40572205,-122.6449002,0.82,0,blue
5414,9.51,48.40572205,-122.6449002,0.88,1,orange
5417,2.83,48.40572205,-122.6449002,0.88,0,blue
5420,7.81,48.40572205,-122.6449002,0.88,1,orange
5423,3.06,48.40572205,-122.6449002,0.88,0,blue
5426,9.51,48.40572205,-122.6449002,0.94,1,orange
5429,1.94,48.40572205,-122.6449002,0.94,0,blue
5432,8.28,48.40572205,-122.6449002,0.94,1,orange
5435,3.73,48.40572205,-122.6449002,0.94,0,blue
5438,9.52,48.40572205,-122.6449002,0.97,1,orange
5441,1.04,48.40572205,-122.6449002,0.97,0,blue
5444,8.74,48.40572205,-122.6449002,0.97,1,orange
5447,4.48,48.40572205,-122.6449002,0.97,0,blue
5450,9.5,48.40572205,-122.6449002,1.0,1,orange
5453,0.18,48.40572205,-122.6449002,1.0,0,blue
5456,9.17,48.40572205,-122.6449002,1.0,1,orange
5459,5.23,48.40572205,-122.6449002,1.0,1,orange
5462,9.44,48.40572205,-122.6449002,1.0,1,orange
5465,-0.57,48.40572205,-122.6449002,1.0,0,blue
5468,9.54,48.40572205,-122.6449002,1.0,1,orange
5471,5.94,48.40572205,-122.6449002,0.98,1,orange
5474,9.31,48.40572205,-122.6449002,0.98,1,orange
5477,-1.16,48.40572205,-122.6449002,0.98,0,blue
5480,9.81,48.40572205,-122.6449002,0.98,1,orange
5483,6.56,48.40572205,-122.6449002,0.95,1,orange
5486,9.13,48.40572205,-122.6449002,0.95,1,orange
5489,-1.52,48.40572205,-122.6449002,0.95,0,blue
5492,9.94,48.40572205,-122.6449002,0.95,1,orange
5495,7.07,48.40572205,-122.6449002,0.89,1,orange
5498,8.92,48.40572205,-122.6449002,0.89,1,orange
5501,-1.65,48.40572205,-122.6449002,0.89,0,blue
5504,9.92,48.40572205,-122.6449002,0.89,1,orange
5507,7.47,48.40572205,-122.6449002,0.82,1,orange
5510,8.65,48.40572205,-122.6449002,0.82,1,orange
5513,-1.54,48.40572205,-122.6449002,0.82,0,blue
5516,9.8,48.40572205,-122.6449002,0.82,1,orange
5519,7.7,48.40572205,-122.6449002,0.73,1,orange
5522,8.3,48.40572205,-122.6449002,0.73,1,orange
5525,-1.23,48.40572205,-122.6449002,0.73,0,blue
5528,9.68,48.40572205,-122.6449002,0.73,1,orange
5531,7.64,48.40572205,-122.6449002,0.63,1,orange
5534,7.83,48.40572205,-122.6449002,0.63,1,orange
5537,-0.75,48.40572205,-122.6449002,0.63,0,blue
5540,9.67,48.40572205,-122.6449002,0.52,1,orange
5543,7.11,48.40572205,-122.6449002,0.52,1,orange
5546,7.33,48.40572205,-122.6449002,0.52,1,orange
5549,-0.18,48.40572205,-122.6449002,0.52,0,blue
5552,9.8,48.40572205,-122.6449002,0.4,1,orange
5555,6.05,48.40572205,-122.6449002,0.4,1,orange
5558,7.09,48.40572205,-122.6449002,0.4,1,orange
5561,0.47,48.40572205,-122.6449002,0.4,0,blue
5564,10.01,48.40572205,-122.6449002,0.29,1,orange
5567,4.6,48.40572205,-122.6449002,0.29,0,blue
5570,7.29,48.40572205,-122.6449002,0.29,1,orange
5573,1.21,48.40572205,-122.6449002,0.29,0,blue
5576,10.26,48.40572205,-122.6449002,0.19,1,orange
5579,2.91,48.40572205,-122.6449002,0.19,0,blue
5582,7.84,48.40572205,-122.6449002,0.19,1,orange
5585,2.08,48.40572205,-122.6449002,0.19,0,blue
5588,10.49,48.40572205,-122.6449002,0.11,1,orange
5591,1.15,48.40572205,-122.6449002,0.11,0,blue
5594,8.59,48.40572205,-122.6449002,0.11,1,orange
5597,3.09,48.40572205,-122.6449002,0.11,0,blue
5600,10.66,48.40572205,-122.6449002,0.05,1,orange
5603,-0.48,48.40572205,-122.6449002,0.05,0,blue
5606,9.35,48.40572205,-122.6449002,0.05,1,orange
5609,4.16,48.40572205,-122.6449002,0.05,0,blue
5612,10.7,48.40572205,-122.6449002,0.01,1,orange
5615,-1.79,48.40572205,-122.6449002,0.01,0,blue
5618,10.01,48.40572205,-122.6449002,0.01,1,orange
5621,5.18,48.40572205,-122.6449002,0.01,1,orange
5624,10.57,48.40572205,-122.6449002,0.0,1,orange
5627,-2.66,48.40572205,-122.6449002,0.0,0,blue
5630,10.46,48.40572205,-122.6449002,0.0,1,orange
5633,6.05,48.40572205,-122.6449002,0.02,1,orange
5636,10.25,48.40572205,-122.6449002,0.02,1,orange
5639,-3.01,48.40572205,-122.6449002,0.02,0,blue
5642,10.69,48.40572205,-122.6449002,0.02,1,orange
5645,6.67,48.40572205,-122.6449002,0.06,1,orange
5648,9.76,48.40572205,-122.6449002,0.06,1,orange
5651,-2.87,48.40572205,-122.6449002,0.06,0,blue
5654,10.68,48.40572205,-122.6449002,0.06,1,orange
5657,7.04,48.40572205,-122.6449002,0.13,1,orange
5660,9.13,48.40572205,-122.6449002,0.13,1,orange
5663,-2.34,48.40572205,-122.6449002,0.13,0,blue
5666,10.49,48.40572205,-122.6449002,0.13,1,orange
5669,7.14,48.40572205,-122.6449002,0.21,1,orange
5672,8.41,48.40572205,-122.6449002,0.21,1,orange
5675,-1.53,48.40572205,-122.6449002,0.21,0,blue
5678,10.21,48.40572205,-122.6449002,0.21,1,orange
5681,6.96,48.40572205,-122.6449002,0.3,1,orange
5684,7.65,48.40572205,-122.6449002,0.3,1,orange
5687,-0.56,48.40572205,-122.6449002,0.3,0,blue
5690,9.94,48.40572205,-122.6449002,0.3,1,orange
5694,6.45,48.40572205,-122.6449002,0.39,1,orange
5696,6.94,48.40572205,-122.6449002,0.39,1,orange
5699,0.48,48.40572205,-122.6449002,0.39,0,blue
5702,9.73,48.40572205,-122.6449002,0.49,1,orange
5705,5.65,48.40572205,-122.6449002,0.49,1,orange
5708,6.39,48.40572205,-122.6449002,0.49,1,orange
5711,1.5,48.40572205,-122.6449002,0.49,0,blue
5714,9.61,48.40572205,-122.6449002,0.58,1,orange
5717,4.68,48.40572205,-122.6449002,0.58,1,orange
5720,6.2,48.40572205,-122.6449002,0.58,1,orange
5723,2.47,48.40572205,-122.6449002,0.58,0,blue
5726,9.54,48.40572205,-122.6449002,0.67,1,orange
5729,3.64,48.40572205,-122.6449002,0.67,0,blue
5732,6.42,48.40572205,-122.6449002,0.67,1,orange
5735,3.38,48.40572205,-122.6449002,0.67,0,blue
5738,9.51,48.40572205,-122.6449002,0.76,1,orange
5741,2.58,48.40572205,-122.6449002,0.76,0,blue
5744,6.96,48.40572205,-122.6449002,0.76,1,orange
5747,4.25,48.40572205,-122.6449002,0.76,0,blue
5750,9.49,48.40572205,-122.6449002,0.83,1,orange
5753,1.53,48.40572205,-122.6449002,0.83,0,blue
5756,7.66,48.40572205,-122.6449002,0.83,1,orange
5759,5.07,48.40572205,-122.6449002,0.83,1,orange
5762,9.46,48.40572205,-122.6449002,0.9,1,orange
5765,0.52,48.40572205,-122.6449002,0.9,0,blue
5768,8.39,48.40572205,-122.6449002,0.9,1,orange
5771,5.83,48.40572205,-122.6449002,0.9,1,orange
5774,9.41,48.40572205,-122.6449002,0.95,1,orange
5777,-0.41,48.40572205,-122.6449002,0.95,0,blue
5780,9.06,48.40572205,-122.6449002,0.95,1,orange
5783,6.5,48.40572205,-122.6449002,0.95,1,orange
5786,9.33,48.40572205,-122.6449002,0.98,1,orange
5789,-1.23,48.40572205,-122.6449002,0.98,0,blue
5792,9.62,48.40572205,-122.6449002,0.98,1,orange
5795,7.03,48.40572205,-122.6449002,0.98,1,orange
5798,9.24,48.40572205,-122.6449002,1.0,1,orange
5801,-1.88,48.40572205,-122.6449002,1.0,0,blue
5804,10.03,48.40572205,-122.6449002,1.0,1,orange
5807,7.41,48.40572205,-122.6449002,0.99,1,orange
5810,9.13,48.40572205,-122.6449002,0.99,1,orange
5813,-2.33,48.40572205,-122.6449002,0.99,0,blue
5816,10.29,48.40572205,-122.6449002,0.99,1,orange
5819,7.65,48.40572205,-122.6449002,0.96,1,orange
5822,9.0,48.40572205,-122.6449002,0.96,1,orange
5825,-2.57,48.40572205,-122.6449002,0.96,0,blue
5828,10.41,48.40572205,-122.6449002,0.96,1,orange
5831,7.74,48.40572205,-122.6449002,0.92,1,orange
5834,8.82,48.40572205,-122.6449002,0.92,1,orange
5837,-2.57,48.40572205,-122.6449002,0.92,0,blue
5840,10.43,48.40572205,-122.6449002,0.92,1,orange
5843,7.66,48.40572205,-122.6449002,0.85,1,orange
5846,8.54,48.40572205,-122.6449002,0.85,1,orange
5849,-2.3,48.40572205,-122.6449002,0.85,0,blue
5852,10.4,48.40572205,-122.6449002,0.85,1,orange
5855,7.37,48.40572205,-122.6449002,0.76,1,orange
5858,8.1,48.40572205,-122.6449002,0.76,1,orange
5861,-1.74,48.40572205,-122.6449002,0.76,0,blue
5864,10.37,48.40572205,-122.6449002,0.76,1,orange
5867,6.76,48.40572205,-122.6449002,0.66,1,orange
5870,7.53,48.40572205,-122.6449002,0.66,1,orange
5873,-0.86,48.40572205,-122.6449002,0.66,0,blue
5876,10.39,48.40572205,-122.6449002,0.66,1,orange
5879,5.73,48.40572205,-122.6449002,0.55,1,orange
5882,6.97,48.40572205,-122.6449002,0.55,1,orange
5885,0.31,48.40572205,-122.6449002,0.55,0,blue
5888,10.46,48.40572205,-122.6449002,0.43,1,orange
5891,4.31,48.40572205,-122.6449002,0.43,0,blue
5894,6.72,48.40572205,-122.6449002,0.43,1,orange
5897,1.69,48.40572205,-122.6449002,0.43,0,blue
5900,10.56,48.40572205,-122.6449002,0.32,1,orange
5903,2.63,48.40572205,-122.6449002,0.32,0,blue
5906,6.98,48.40572205,-122.6449002,0.32,1,orange
5909,3.14,48.40572205,-122.6449002,0.32,0,blue
5912,10.65,48.40572205,-122.6449002,0.22,1,orange
5915,0.89,48.40572205,-122.6449002,0.22,0,blue
5918,7.73,48.40572205,-122.6449002,0.22,1,orange
5921,4.5,48.40572205,-122.6449002,0.22,0,blue
5924,10.68,48.40572205,-122.6449002,0.13,1,orange
5927,-0.7,48.40572205,-122.6449002,0.13,0,blue
5930,8.7,48.40572205,-122.6449002,0.13,1,orange
5933,5.64,48.40572205,-122.6449002,0.13,1,orange
5936,10.62,48.40572205,-122.6449002,0.06,1,orange
5939,-1.97,48.40572205,-122.6449002,0.06,0,blue
5942,9.61,48.40572205,-122.6449002,0.06,1,orange
5945,6.5,48.40572205,-122.6449002,0.06,1,orange
5948,10.44,48.40572205,-122.6449002,0.02,1,orange
5951,-2.81,48.40572205,-122.6449002,0.02,0,blue
5954,10.29,48.40572205,-122.6449002,0.02,1,orange
5957,7.05,48.40572205,-122.6449002,0.02,1,orange
5960,10.13,48.40572205,-122.6449002,0.0,1,orange
5963,-3.19,48.40572205,-122.6449002,0.0,0,blue
5966,10.69,48.40572205,-122.6449002,0.0,1,orange
5969,7.31,48.40572205,-122.6449002,0.01,1,orange
5972,9.72,48.40572205,-122.6449002,0.01,1,orange
5975,-3.16,48.40572205,-122.6449002,0.01,0,blue
5978,10.82,48.40572205,-122.6449002,0.01,1,orange
5981,7.35,48.40572205,-122.6449002,0.04,1,orange
5984,9.23,48.40572205,-122.6449002,0.04,1,orange
5987,-2.8,48.40572205,-122.6449002,0.04,0,blue
5990,10.75,48.40572205,-122.6449002,0.04,1,orange
5993,7.19,48.40572205,-122.6449002,0.09,1,orange
5996,8.68,48.40572205,-122.6449002,0.09,1,orange
5999,-2.2,48.40572205,-122.6449002,0.09,0,blue
6002,10.58,48.40572205,-122.6449002,0.09,1,orange
6005,6.89,48.40572205,-122.6449002,0.16,1,orange
6008,8.09,48.40572205,-122.6449002,0.16,1,orange
6011,-1.41,48.40572205,-122.6449002,0.16,0,blue
6014,10.37,48.40572205,-122.6449002,0.16,1,orange
6017,6.44,48.40572205,-122.6449002,0.24,1,orange
6020,7.46,48.40572205,-122.6449002,0.24,1,orange
6023,-0.46,48.40572205,-122.6449002,0.24,0,blue
6026,10.18,48.40572205,-122.6449002,0.24,1,orange
6030,5.82,48.40572205,-122.6449002,0.33,1,orange
6032,6.82,48.40572205,-122.6449002,0.33,1,orange
6035,0.66,48.40572205,-122.6449002,0.33,0,blue
6038,10.01,48.40572205,-122.6449002,0.33,1,orange
6042,5.01,48.40572205,-122.6449002,0.42,1,orange
6044,6.29,48.40572205,-122.6449002,0.42,1,orange
6047,1.92,48.40572205,-122.6449002,0.42,0,blue
6050,9.87,48.40572205,-122.6449002,0.51,1,orange
6054,4.03,48.40572205,-122.6449002,0.51,0,blue
6056,6.04,48.40572205,-122.6449002,0.51,1,orange
6059,3.28,48.40572205,-122.6449002,0.51,0,blue
6062,9.75,48.40572205,-122.6449002,0.61,1,orange
6065,2.96,48.40572205,-122.6449002,0.61,0,blue
6068,6.25,48.40572205,-122.6449002,0.61,1,orange
6071,4.63,48.40572205,-122.6449002,0.61,1,orange
6074,9.62,48.40572205,-122.6449002,0.7,1,orange
6077,1.85,48.40572205,-122.6449002,0.7,0,blue
6080,6.92,48.40572205,-122.6449002,0.7,1,orange
6083,5.84,48.40572205,-122.6449002,0.7,1,orange
6086,9.49,48.40572205,-122.6449002,0.78,1,orange
6089,0.78,48.40572205,-122.6449002,0.78,0,blue
6092,7.83,48.40572205,-122.6449002,0.78,1,orange
6095,6.78,48.40572205,-122.6449002,0.78,1,orange
6098,9.37,48.40572205,-122.6449002,0.86,1,orange
6101,-0.23,48.40572205,-122.6449002,0.86,0,blue
6104,8.71,48.40572205,-122.6449002,0.86,1,orange
6107,7.42,48.40572205,-122.6449002,0.86,1,orange
6110,9.26,48.40572205,-122.6449002,0.92,1,orange
6113,-1.12,48.40572205,-122.6449002,0.92,0,blue
6116,9.42,48.40572205,-122.6449002,0.92,1,orange
6119,7.8,48.40572205,-122.6449002,0.92,1,orange
6122,9.2,48.40572205,-122.6449002,0.97,1,orange
6125,-1.88,48.40572205,-122.6449002,0.97,0,blue
6128,9.95,48.40572205,-122.6449002,0.97,1,orange
6131,7.99,48.40572205,-122.6449002,0.97,1,orange
6134,9.18,48.40572205,-122.6449002,0.99,1,orange
6137,-2.48,48.40572205,-122.6449002,0.99,0,blue
6140,10.3,48.40572205,-122.6449002,0.99,1,orange
6143,8.01,48.40572205,-122.6449002,1.0,1,orange
6146,9.18,48.40572205,-122.6449002,1.0,1,orange
6149,-2.9,48.40572205,-122.6449002,1.0,0,blue
6152,10.52,48.40572205,-122.6449002,1.0,1,orange
6155,7.87,48.40572205,-122.6449002,0.98,1,orange
6158,9.14,48.40572205,-122.6449002,0.98,1,orange
6161,-3.08,48.40572205,-122.6449002,0.98,0,blue
6164,10.66,48.40572205,-122.6449002,0.98,1,orange
6167,7.55,48.40572205,-122.6449002,0.93,1,orange
6170,8.99,48.40572205,-122.6449002,0.93,1,orange
6173,-2.96,48.40572205,-122.6449002,0.93,0,blue
6176,10.75,48.40572205,-122.6449002,0.93,1,orange
6179,7.03,48.40572205,-122.6449002,0.87,1,orange
6182,8.67,48.40572205,-122.6449002,0.87,1,orange
6185,-2.46,48.40572205,-122.6449002,0.87,0,blue
6188,10.82,48.40572205,-122.6449002,0.87,1,orange
6191,6.26,48.40572205,-122.6449002,0.78,1,orange
6194,8.16,48.40572205,-122.6449002,0.78,1,orange
6197,-1.52,48.40572205,-122.6449002,0.78,0,blue
6200,10.88,48.40572205,-122.6449002,0.78,1,orange
6203,5.23,48.40572205,-122.6449002,0.68,1,orange
6206,7.54,48.40572205,-122.6449002,0.68,1,orange
6209,-0.14,48.40572205,-122.6449002,0.68,0,blue
6212,10.91,48.40572205,-122.6449002,0.68,1,orange
6215,3.94,48.40572205,-122.6449002,0.57,0,blue
6218,6.99,48.40572205,-122.6449002,0.57,1,orange
6221,1.59,48.40572205,-122.6449002,0.57,0,blue
6224,10.89,48.40572205,-122.6449002,0.57,1,orange
6227,2.47,48.40572205,-122.6449002,0.45,0,blue
6230,6.81,48.40572205,-122.6449002,0.45,1,orange
6233,3.46,48.40572205,-122.6449002,0.45,0,blue
6236,10.8,48.40572205,-122.6449002,0.34,1,orange
6239,0.97,48.40572205,-122.6449002,0.34,0,blue
6242,7.24,48.40572205,-122.6449002,0.34,1,orange
6245,5.21,48.40572205,-122.6449002,0.34,1,orange
6248,10.64,48.40572205,-122.6449002,0.24,1,orange
6251,-0.4,48.40572205,-122.6449002,0.24,0,blue
6254,8.18,48.40572205,-122.6449002,0.24,1,orange
6257,6.55,48.40572205,-122.6449002,0.24,1,orange
6260,10.41,48.40572205,-122.6449002,0.15,1,orange
6263,-1.49,48.40572205,-122.6449002,0.15,0,blue
6266,9.21,48.40572205,-122.6449002,0.15,1,orange
6269,7.32,48.40572205,-122.6449002,0.15,1,orange
6272,10.13,48.40572205,-122.6449002,0.08,1,orange
6275,-2.24,48.40572205,-122.6449002,0.08,0,blue
6278,10.0,48.40572205,-122.6449002,0.08,1,orange
6281,7.59,48.40572205,-122.6449002,0.08,1,orange
6284,9.83,48.40572205,-122.6449002,0.03,1,orange
6287,-2.62,48.40572205,-122.6449002,0.03,0,blue
6290,10.47,48.40572205,-122.6449002,0.03,1,orange
6293,7.55,48.40572205,-122.6449002,0.03,1,orange
6296,9.53,48.40572205,-122.6449002,0.01,1,orange
6299,-2.7,48.40572205,-122.6449002,0.01,0,blue
6302,10.64,48.40572205,-122.6449002,0.01,1,orange
6305,7.33,48.40572205,-122.6449002,0.0,1,orange
6308,9.22,48.40572205,-122.6449002,0.0,1,orange
6311,-2.53,48.40572205,-122.6449002,0.0,0,blue
6314,10.62,48.40572205,-122.6449002,0.0,1,orange
6317,7.01,48.40572205,-122.6449002,0.02,1,orange
6320,8.89,48.40572205,-122.6449002,0.02,1,orange
6323,-2.17,48.40572205,-122.6449002,0.02,0,blue
6326,10.52,48.40572205,-122.6449002,0.02,1,orange
6329,6.62,48.40572205,-122.6449002,0.06,1,orange
6332,8.52,48.40572205,-122.6449002,0.06,1,orange
6335,-1.62,48.40572205,-122.6449002,0.06,0,blue
6338,10.4,48.40572205,-122.6449002,0.06,1,orange
6341,6.13,48.40572205,-122.6449002,0.12,1,orange
6344,8.08,48.40572205,-122.6449002,0.12,1,orange
6347,-0.88,48.40572205,-122.6449002,0.12,0,blue
6350,10.3,48.40572205,-122.6449002,0.12,1,orange
6353,5.55,48.40572205,-122.6449002,0.18,1,orange
6356,7.59,48.40572205,-122.6449002,0.18,1,orange
6359,0.1,48.40572205,-122.6449002,0.18,0,blue
6362,10.21,48.40572205,-122.6449002,0.18,1,orange
6365,4.87,48.40572205,-122.6449002,0.26,1,orange
6368,7.08,48.40572205,-122.6449002,0.26,1,orange
6371,1.31,48.40572205,-122.6449002,0.26,0,blue
6374,10.1,48.40572205,-122.6449002,0.26,1,orange
6377,4.08,48.40572205,-122.6449002,0.35,0,blue
6380,6.64,48.40572205,-122.6449002,0.35,1,orange
6383,2.73,48.40572205,-122.6449002,0.35,0,blue
6386,9.94,48.40572205,-122.6449002,0.35,1,orange
6389,3.23,48.40572205,-122.6449002,0.44,0,blue
6392,6.41,48.40572205,-122.6449002,0.44,1,orange
6395,4.24,48.40572205,-122.6449002,0.44,0,blue
6398,9.71,48.40572205,-122.6449002,0.44,1,orange
6401,2.32,48.40572205,-122.6449002,0.54,0,blue
6404,6.57,48.40572205,-122.6449002,0.54,1,orange
6407,5.73,48.40572205,-122.6449002,0.54,1,orange
6410,9.44,48.40572205,-122.6449002,0.63,1,orange
6413,1.41,48.40572205,-122.6449002,0.63,0,blue
6416,7.23,48.40572205,-122.6449002,0.63,1,orange
6419,7.0,48.40572205,-122.6449002,0.63,1,orange
6422,9.19,48.40572205,-122.6449002,0.72,1,orange
6425,0.5,48.40572205,-122.6449002,0.72,0,blue
6428,8.15,48.40572205,-122.6449002,0.72,1,orange
6431,7.82,48.40572205,-122.6449002,0.72,1,orange
6434,9.0,48.40572205,-122.6449002,0.81,1,orange
6437,-0.37,48.40572205,-122.6449002,0.81,0,blue
6440,8.97,48.40572205,-122.6449002,0.81,1,orange
6443,8.14,48.40572205,-122.6449002,0.81,1,orange
6446,8.94,48.40572205,-122.6449002,0.88,1,orange
6449,-1.2,48.40572205,-122.6449002,0.88,0,blue
6452,9.58,48.40572205,-122.6449002,0.88,1,orange
6455,8.15,48.40572205,-122.6449002,0.88,1,orange
6458,9.0,48.40572205,-122.6449002,0.94,1,orange
6461,-1.96,48.40572205,-122.6449002,0.94,0,blue
6464,9.99,48.40572205,-122.6449002,0.94,1,orange
6467,7.98,48.40572205,-122.6449002,0.94,1,orange
6470,9.16,48.40572205,-122.6449002,0.98,1,orange
6473,-2.57,48.40572205,-122.6449002,0.98,0,blue
6476,10.28,48.40572205,-122.6449002,0.98,1,orange
6479,7.64,48.40572205,-122.6449002,1.0,1,orange
6482,9.32,48.40572205,-122.6449002,1.0,1,orange
6485,-2.96,48.40572205,-122.6449002,1.0,0,blue
6488,10.49,48.40572205,-122.6449002,1.0,1,orange
6491,7.1,48.40572205,-122.6449002,0.99,1,orange
6494,9.39,48.40572205,-122.6449002,0.99,1,orange
6497,-3.0,48.40572205,-122.6449002,0.99,0,blue
6500,10.67,48.40572205,-122.6449002,0.99,1,orange
6503,6.35,48.40572205,-122.6449002,0.95,1,orange
6506,9.28,48.40572205,-122.6449002,0.95,1,orange
6509,-2.59,48.40572205,-122.6449002,0.95,0,blue
6512,10.84,48.40572205,-122.6449002,0.95,1,orange
6515,5.4,48.40572205,-122.6449002,0.89,1,orange
6518,8.96,48.40572205,-122.6449002,0.89,1,orange
6521,-1.69,48.40572205,-122.6449002,0.89,0,blue
6524,10.97,48.40572205,-122.6449002,0.89,1,orange
6527,4.28,48.40572205,-122.6449002,0.8,0,blue
6530,8.46,48.40572205,-122.6449002,0.8,1,orange
6533,-0.29,48.40572205,-122.6449002,0.8,0,blue
6536,11.03,48.40572205,-122.6449002,0.8,1,orange
6539,3.09,48.40572205,-122.6449002,0.7,0,blue
6542,7.9,48.40572205,-122.6449002,0.7,1,orange
6545,1.48,48.40572205,-122.6449002,0.7,0,blue
6548,10.97,48.40572205,-122.6449002,0.7,1,orange
6551,1.91,48.40572205,-122.6449002,0.59,0,blue
6554,7.48,48.40572205,-122.6449002,0.59,1,orange
6557,3.45,48.40572205,-122.6449002,0.59,0,blue
6560,10.76,48.40572205,-122.6449002,0.59,1,orange
6563,0.85,48.40572205,-122.6449002,0.48,0,blue
6566,7.43,48.40572205,-122.6449002,0.48,1,orange
6569,5.34,48.40572205,-122.6449002,0.48,1,orange
6572,10.41,48.40572205,-122.6449002,0.48,1,orange
6575,-0.05,48.40572205,-122.6449002,0.37,0,blue
6578,7.98,48.40572205,-122.6449002,0.37,1,orange
6581,6.83,48.40572205,-122.6449002,0.37,1,orange
6584,9.98,48.40572205,-122.6449002,0.26,1,orange
6587,-0.75,48.40572205,-122.6449002,0.26,0,blue
6590,8.89,48.40572205,-122.6449002,0.26,1,orange
6593,7.57,48.40572205,-122.6449002,0.26,1,orange
6596,9.56,48.40572205,-122.6449002,0.18,1,orange
6599,-1.26,48.40572205,-122.6449002,0.18,0,blue
6602,9.67,48.40572205,-122.6449002,0.18,1,orange
6605,7.58,48.40572205,-122.6449002,0.18,1,orange
6608,9.23,48.40572205,-122.6449002,0.1,1,orange
6611,-1.57,48.40572205,-122.6449002,0.1,0,blue
6614,10.14,48.40572205,-122.6449002,0.1,1,orange
6617,7.25,48.40572205,-122.6449002,0.1,1,orange
6620,9.04,48.40572205,-122.6449002,0.05,1,orange
6623,-1.71,48.40572205,-122.6449002,0.05,0,blue
6626,10.32,48.40572205,-122.6449002,0.05,1,orange
6629,6.82,48.40572205,-122.6449002,0.05,1,orange
6632,8.93,48.40572205,-122.6449002,0.01,1,orange
6635,-1.69,48.40572205,-122.6449002,0.01,0,blue
6638,10.31,48.40572205,-122.6449002,0.01,1,orange
6641,6.37,48.40572205,-122.6449002,0.0,1,orange
6644,8.83,48.40572205,-122.6449002,0.0,1,orange
6647,-1.5,48.40572205,-122.6449002,0.0,0,blue
6650,10.21,48.40572205,-122.6449002,0.0,1,orange
6653,5.89,48.40572205,-122.6449002,0.01,1,orange
6656,8.7,48.40572205,-122.6449002,0.01,1,orange
6659,-1.12,48.40572205,-122.6449002,0.01,0,blue
6662,10.11,48.40572205,-122.6449002,0.01,1,orange
6665,5.36,48.40572205,-122.6449002,0.03,1,orange
6668,8.5,48.40572205,-122.6449002,0.03,1,orange
6671,-0.53,48.40572205,-122.6449002,0.03,0,blue
6674,10.06,48.40572205,-122.6449002,0.03,1,orange
6677,4.75,48.40572205,-122.6449002,0.08,1,orange
6680,8.24,48.40572205,-122.6449002,0.08,1,orange
6683,0.29,48.40572205,-122.6449002,0.08,0,blue
6686,10.03,48.40572205,-122.6449002,0.08,1,orange
6689,4.07,48.40572205,-122.6449002,0.13,0,blue
6692,7.94,48.40572205,-122.6449002,0.13,1,orange
6695,1.34,48.40572205,-122.6449002,0.13,0,blue
6698,9.98,48.40572205,-122.6449002,0.13,1,orange
6701,3.36,48.40572205,-122.6449002,0.21,0,blue
6704,7.64,48.40572205,-122.6449002,0.21,1,orange
6707,2.59,48.40572205,-122.6449002,0.21,0,blue
6710,9.84,48.40572205,-122.6449002,0.21,1,orange
6713,2.68,48.40572205,-122.6449002,0.29,0,blue
6716,7.38,48.40572205,-122.6449002,0.29,1,orange
6719,3.97,48.40572205,-122.6449002,0.29,0,blue
6722,9.59,48.40572205,-122.6449002,0.29,1,orange
6725,2.06,48.40572205,-122.6449002,0.38,0,blue
6728,7.24,48.40572205,-122.6449002,0.38,1,orange
6731,5.37,48.40572205,-122.6449002,0.38,1,orange
6734,9.25,48.40572205,-122.6449002,0.38,1,orange
6737,1.52,48.40572205,-122.6449002,0.47,0,blue
6740,7.3,48.40572205,-122.6449002,0.47,1,orange
6743,6.66,48.40572205,-122.6449002,0.47,1,orange
6746,8.88,48.40572205,-122.6449002,0.47,1,orange
6749,1.01,48.40572205,-122.6449002,0.57,0,blue
6752,7.72,48.40572205,-122.6449002,0.57,1,orange
6755,7.69,48.40572205,-122.6449002,0.57,1,orange
6758,8.57,48.40572205,-122.6449002,0.57,1,orange
6761,0.45,48.40572205,-122.6449002,0.67,0,blue
6764,8.43,48.40572205,-122.6449002,0.67,1,orange
6767,8.13,48.40572205,-122.6449002,0.67,1,orange
6770,8.39,48.40572205,-122.6449002,0.76,1,orange
6773,-0.21,48.40572205,-122.6449002,0.76,0,blue
6776,9.06,48.40572205,-122.6449002,0.76,1,orange
6779,8.01,48.40572205,-122.6449002,0.76,1,orange
6782,8.44,48.40572205,-122.6449002,0.85,1,orange
6785,-0.95,48.40572205,-122.6449002,0.85,0,blue
6788,9.52,48.40572205,-122.6449002,0.85,1,orange
6791,7.65,48.40572205,-122.6449002,0.85,1,orange
6794,8.71,48.40572205,-122.6449002,0.92,1,orange
6797,-1.66,48.40572205,-122.6449002,0.92,0,blue
6800,9.86,48.40572205,-122.6449002,0.92,1,orange
6803,7.08,48.40572205,-122.6449002,0.92,1,orange
6806,9.08,48.40572205,-122.6449002,0.97,1,orange
6809,-2.17,48.40572205,-122.6449002,0.97,0,blue
6812,10.13,48.40572205,-122.6449002,0.97,1,orange
6815,6.3,48.40572205,-122.6449002,0.97,1,orange
6818,9.41,48.40572205,-122.6449002,1.0,1,orange
6821,-2.31,48.40572205,-122.6449002,1.0,0,blue
6824,10.38,48.40572205,-122.6449002,1.0,1,orange
6827,5.29,48.40572205,-122.6449002,0.99,1,orange
6830,9.58,48.40572205,-122.6449002,0.99,1,orange
6833,-1.99,48.40572205,-122.6449002,0.99,0,blue
6836,10.61,48.40572205,-122.6449002,0.99,1,orange
6839,4.12,48.40572205,-122.6449002,0.96,0,blue
6842,9.56,48.40572205,-122.6449002,0.96,1,orange
6845,-1.15,48.40572205,-122.6449002,0.96,0,blue
6848,10.8,48.40572205,-122.6449002,0.96,1,orange
6851,2.87,48.40572205,-122.6449002,0.91,0,blue
6854,9.35,48.40572205,-122.6449002,0.91,1,orange
6857,0.16,48.40572205,-122.6449002,0.91,0,blue
6860,10.89,48.40572205,-122.6449002,0.91,1,orange
6863,1.68,48.40572205,-122.6449002,0.82,0,blue
6866,9.01,48.40572205,-122.6449002,0.82,1,orange
6869,1.81,48.40572205,-122.6449002,0.82,0,blue
6872,10.83,48.40572205,-122.6449002,0.82,1,orange
6875,0.71,48.40572205,-122.6449002,0.73,0,blue
6878,8.64,48.40572205,-122.6449002,0.73,1,orange
6881,3.62,48.40572205,-122.6449002,0.73,0,blue
6884,10.56,48.40572205,-122.6449002,0.73,1,orange
6887,0.05,48.40572205,-122.6449002,0.62,0,blue
6890,8.37,48.40572205,-122.6449002,0.62,1,orange
6893,5.35,48.40572205,-122.6449002,0.62,1,orange
6896,10.09,48.40572205,-122.6449002,0.62,1,orange
6899,-0.28,48.40572205,-122.6449002,0.51,0,blue
6902,8.37,48.40572205,-122.6449002,0.51,1,orange
6905,6.75,48.40572205,-122.6449002,0.51,1,orange
6908,9.48,48.40572205,-122.6449002,0.51,1,orange
6911,-0.36,48.40572205,-122.6449002,0.4,0,blue
6914,8.79,48.40572205,-122.6449002,0.4,1,orange
6917,7.46,48.40572205,-122.6449002,0.4,1,orange
6920,8.86,48.40572205,-122.6449002,0.4,1,orange
6923,-0.37,48.40572205,-122.6449002,0.3,0,blue
6926,9.38,48.40572205,-122.6449002,0.3,1,orange
6929,7.27,48.40572205,-122.6449002,0.3,1,orange
6932,8.42,48.40572205,-122.6449002,0.21,1,orange
6935,-0.41,48.40572205,-122.6449002,0.21,0,blue
6938,9.8,48.40572205,-122.6449002,0.21,1,orange
6941,6.66,48.40572205,-122.6449002,0.21,1,orange
6944,8.28,48.40572205,-122.6449002,0.13,1,orange
6947,-0.48,48.40572205,-122.6449002,0.13,0,blue
6950,9.99,48.40572205,-122.6449002,0.13,1,orange
6953,6.0,48.40572205,-122.6449002,0.13,1,orange
6956,8.35,48.40572205,-122.6449002,0.07,1,orange
6959,-0.49,48.40572205,-122.6449002,0.07,0,blue
6962,10.0,48.40572205,-122.6449002,0.07,1,orange
6965,5.39,48.40572205,-122.6449002,0.07,1,orange
6968,8.48,48.40572205,-122.6449002,0.03,1,orange
6971,-0.36,48.40572205,-122.6449002,0.03,0,blue
6974,9.91,48.40572205,-122.6449002,0.03,1,orange
6977,4.8,48.40572205,-122.6449002,0.01,1,orange
6980,8.57,48.40572205,-122.6449002,0.01,1,orange
6983,-0.04,48.40572205,-122.6449002,0.01,0,blue
6986,9.8,48.40572205,-122.6449002,0.01,1,orange
6989,4.2,48.40572205,-122.6449002,0.0,0,blue
6992,8.61,48.40572205,-122.6449002,0.0,1,orange
6995,0.49,48.40572205,-122.6449002,0.0,0,blue
6998,9.75,48.40572205,-122.6449002,0.0,1,orange
7001,3.53,48.40572205,-122.6449002,0.01,0,blue
7004,8.6,48.40572205,-122.6449002,0.01,1,orange
7007,1.23,48.40572205,-122.6449002,0.01,0,blue
7010,9.73,48.40572205,-122.6449002,0.01,1,orange
7013,2.82,48.40572205,-122.6449002,0.05,0,blue
7016,8.56,48.40572205,-122.6449002,0.05,1,orange
7019,2.14,48.40572205,-122.6449002,0.05,0,blue
7022,9.69,48.40572205,-122.6449002,0.05,1,orange
7025,2.12,48.40572205,-122.6449002,0.09,0,blue
7028,8.52,48.40572205,-122.6449002,0.09,1,orange
7031,3.2,48.40572205,-122.6449002,0.09,0,blue
7034,9.57,48.40572205,-122.6449002,0.09,1,orange
7037,1.5,48.40572205,-122.6449002,0.15,0,blue
7040,8.46,48.40572205,-122.6449002,0.15,1,orange
7043,4.32,48.40572205,-122.6449002,0.15,0,blue
7046,9.35,48.40572205,-122.6449002,0.15,1,orange
7049,1.03,48.40572205,-122.6449002,0.23,0,blue
7052,8.37,48.40572205,-122.6449002,0.23,1,orange
7055,5.45,48.40572205,-122.6449002,0.23,1,orange
7058,9.02,48.40572205,-122.6449002,0.23,1,orange
7061,0.74,48.40572205,-122.6449002,0.31,0,blue
7064,8.26,48.40572205,-122.6449002,0.31,1,orange
7067,6.5,48.40572205,-122.6449002,0.31,1,orange
7070,8.63,48.40572205,-122.6449002,0.31,1,orange
7073,0.61,48.40572205,-122.6449002,0.41,0,blue
7076,8.2,48.40572205,-122.6449002,0.41,1,orange
7079,7.4,48.40572205,-122.6449002,0.41,1,orange
7082,8.25,48.40572205,-122.6449002,0.41,1,orange
7085,0.54,48.40572205,-122.6449002,0.51,0,blue
7088,8.33,48.40572205,-122.6449002,0.51,1,orange
7091,7.95,48.40572205,-122.6449002,0.51,1,orange
7094,7.91,48.40572205,-122.6449002,0.51,1,orange
7097,0.38,48.40572205,-122.6449002,0.61,0,blue
7100,8.73,48.40572205,-122.6449002,0.61,1,orange
7103,7.82,48.40572205,-122.6449002,0.61,1,orange
7106,7.73,48.40572205,-122.6449002,0.61,1,orange
7109,0.01,48.40572205,-122.6449002,0.71,0,blue
7112,9.16,48.40572205,-122.6449002,0.71,1,orange
7115,7.28,48.40572205,-122.6449002,0.71,1,orange
7118,7.9,48.40572205,-122.6449002,0.81,1,orange
7121,-0.48,48.40572205,-122.6449002,0.81,0,blue
7124,9.53,48.40572205,-122.6449002,0.81,1,orange
7127,6.5,48.40572205,-122.6449002,0.81,1,orange
7130,8.34,48.40572205,-122.6449002,0.89,1,orange
7133,-0.9,48.40572205,-122.6449002,0.89,0,blue
7136,9.85,48.40572205,-122.6449002,0.89,1,orange
7139,5.45,48.40572205,-122.6449002,0.89,1,orange
7142,8.88,48.40572205,-122.6449002,0.95,1,orange
7145,-1.01,48.40572205,-122.6449002,0.95,0,blue
7148,10.16,48.40572205,-122.6449002,0.95,1,orange
7151,4.16,48.40572205,-122.6449002,0.95,0,blue
7154,9.35,48.40572205,-122.6449002,0.99,1,orange
7157,-0.68,48.40572205,-122.6449002,0.99,0,blue
7160,10.44,48.40572205,-122.6449002,0.99,1,orange
7163,2.72,48.40572205,-122.6449002,0.99,0,blue
7166,9.7,48.40572205,-122.6449002,1.0,1,orange
7169,0.12,48.40572205,-122.6449002,1.0,0,blue
7172,10.67,48.40572205,-122.6449002,1.0,1,orange
7175,1.29,48.40572205,-122.6449002,0.98,0,blue
7178,9.88,48.40572205,-122.6449002,0.98,1,orange
7181,1.3,48.40572205,-122.6449002,0.98,0,blue
7184,10.78,48.40572205,-122.6449002,0.98,1,orange
7187,0.04,48.40572205,-122.6449002,0.93,0,blue
7190,9.9,48.40572205,-122.6449002,0.93,1,orange
7193,2.74,48.40572205,-122.6449002,0.93,0,blue
7196,10.72,48.40572205,-122.6449002,0.93,1,orange
7199,-0.87,48.40572205,-122.6449002,0.85,0,blue
7202,9.8,48.40572205,-122.6449002,0.85,1,orange
7205,4.25,48.40572205,-122.6449002,0.85,0,blue
7208,10.42,48.40572205,-122.6449002,0.85,1,orange
7211,-1.31,48.40572205,-122.6449002,0.76,0,blue
7214,9.6,48.40572205,-122.6449002,0.76,1,orange
7217,5.63,48.40572205,-122.6449002,0.76,1,orange
7220,9.9,48.40572205,-122.6449002,0.76,1,orange
7223,-1.26,48.40572205,-122.6449002,0.66,0,blue
7226,9.38,48.40572205,-122.6449002,0.66,1,orange
7229,6.73,48.40572205,-122.6449002,0.66,1,orange
7232,9.19,48.40572205,-122.6449002,0.66,1,orange
7235,-0.83,48.40572205,-122.6449002,0.55,0,blue
7238,9.29,48.40572205,-122.6449002,0.55,1,orange
7241,7.3,48.40572205,-122.6449002,0.55,1,orange
7244,8.4,48.40572205,-122.6449002,0.55,1,orange
7247,-0.21,48.40572205,-122.6449002,0.44,0,blue
7250,9.41,48.40572205,-122.6449002,0.44,1,orange
7253,7.05,48.40572205,-122.6449002,0.44,1,orange
7256,7.73,48.40572205,-122.6449002,0.44,1,orange
7259,0.33,48.40572205,-122.6449002,0.34,0,blue
7262,9.63,48.40572205,-122.6449002,0.34,1,orange
7265,6.26,48.40572205,-122.6449002,0.34,1,orange
7268,7.45,48.40572205,-122.6449002,0.25,1,orange
7271,0.65,48.40572205,-122.6449002,0.25,0,blue
7274,9.78,48.40572205,-122.6449002,0.25,1,orange
7277,5.38,48.40572205,-122.6449002,0.25,1,orange
7280,7.55,48.40572205,-122.6449002,0.17,1,orange
7283,0.82,48.40572205,-122.6449002,0.17,0,blue
7286,9.81,48.40572205,-122.6449002,0.17,1,orange
7289,4.55,48.40572205,-122.6449002,0.17,0,blue
7292,7.85,48.40572205,-122.6449002,0.1,1,orange
7295,1.03,48.40572205,-122.6449002,0.1,0,blue
7298,9.76,48.40572205,-122.6449002,0.1,1,orange
7301,3.77,48.40572205,-122.6449002,0.1,0,blue
7304,8.16,48.40572205,-122.6449002,0.05,1,orange
7307,1.4,48.40572205,-122.6449002,0.05,0,blue
7310,9.68,48.40572205,-122.6449002,0.05,1,orange
7313,3.03,48.40572205,-122.6449002,0.05,0,blue
7316,8.43,48.40572205,-122.6449002,0.02,1,orange
7319,1.96,48.40572205,-122.6449002,0.02,0,blue
7322,9.62,48.40572205,-122.6449002,0.02,1,orange
7325,2.28,48.40572205,-122.6449002,0.02,0,blue
7328,8.67,48.40572205,-122.6449002,0.0,1,orange
7331,2.69,48.40572205,-122.6449002,0.0,0,blue
7334,9.58,48.40572205,-122.6449002,0.0,1,orange
7337,1.52,48.40572205,-122.6449002,0.0,0,blue
7340,8.9,48.40572205,-122.6449002,0.0,1,orange
7343,3.52,48.40572205,-122.6449002,0.0,0,blue
7346,9.53,48.40572205,-122.6449002,0.0,1,orange
7349,0.81,48.40572205,-122.6449002,0.02,0,blue
7352,9.12,48.40572205,-122.6449002,0.02,1,orange
7355,4.41,48.40572205,-122.6449002,0.02,0,blue
7358,9.41,48.40572205,-122.6449002,0.02,1,orange
7361,0.2,48.40572205,-122.6449002,0.06,0,blue
7364,9.29,48.40572205,-122.6449002,0.06,1,orange
7367,5.28,48.40572205,-122.6449002,0.06,1,orange
7370,9.21,48.40572205,-122.6449002,0.06,1,orange
7373,-0.23,48.40572205,-122.6449002,0.11,0,blue
7376,9.39,48.40572205,-122.6449002,0.11,1,orange
7379,6.1,48.40572205,-122.6449002,0.11,1,orange
7382,8.93,48.40572205,-122.6449002,0.11,1,orange
7385,-0.43,48.40572205,-122.6449002,0.18,0,blue
7388,9.37,48.40572205,-122.6449002,0.18,1,orange
7391,6.82,48.40572205,-122.6449002,0.18,1,orange
7394,8.6,48.40572205,-122.6449002,0.18,1,orange
7397,-0.42,48.40572205,-122.6449002,0.26,0,blue
7400,9.24,48.40572205,-122.6449002,0.26,1,orange
7403,7.42,48.40572205,-122.6449002,0.26,1,orange
7406,8.25,48.40572205,-122.6449002,0.26,1,orange
7409,-0.24,48.40572205,-122.6449002,0.35,0,blue
7412,9.09,48.40572205,-122.6449002,0.35,1,orange
7415,7.82,48.40572205,-122.6449002,0.35,1,orange
7418,7.87,48.40572205,-122.6449002,0.35,1,orange
7421,0.02,48.40572205,-122.6449002,0.45,0,blue
7424,9.08,48.40572205,-122.6449002,0.45,1,orange
7427,7.78,48.40572205,-122.6449002,0.45,1,orange
7430,7.43,48.40572205,-122.6449002,0.45,1,orange
7433,0.23,48.40572205,-122.6449002,0.56,0,blue
7436,9.26,48.40572205,-122.6449002,0.56,1,orange
7440,7.15,48.40572205,-122.6449002,0.56,1,orange
7442,7.2,48.40572205,-122.6449002,0.56,1,orange
7445,0.33,48.40572205,-122.6449002,0.67,0,blue
7448,9.55,48.40572205,-122.6449002,0.67,1,orange
7451,6.18,48.40572205,-122.6449002,0.67,1,orange
7454,7.41,48.40572205,-122.6449002,0.77,1,orange
7457,0.38,48.40572205,-122.6449002,0.77,0,blue
7460,9.87,48.40572205,-122.6449002,0.77,1,orange
7463,4.89,48.40572205,-122.6449002,0.77,1,orange
7466,7.94,48.40572205,-122.6449002,0.86,1,orange
7469,0.58,48.40572205,-122.6449002,0.86,0,blue
7472,10.19,48.40572205,-122.6449002,0.86,1,orange
7475,3.35,48.40572205,-122.6449002,0.86,0,blue
7478,8.62,48.40572205,-122.6449002,0.93,1,orange
7481,1.08,48.40572205,-122.6449002,0.93,0,blue
7484,10.49,48.40572205,-122.6449002,0.93,1,orange
7487,1.67,48.40572205,-122.6449002,0.93,0,blue
7490,9.3,48.40572205,-122.6449002,0.98,1,orange
7493,1.91,48.40572205,-122.6449002,0.98,0,blue
7496,10.74,48.40572205,-122.6449002,0.98,1,orange
7499,0.05,48.40572205,-122.6449002,0.98,0,blue
7502,9.89,48.40572205,-122.6449002,1.0,1,orange
7505,2.99,48.40572205,-122.6449002,1.0,0,blue
7508,10.86,48.40572205,-122.6449002,1.0,1,orange
7511,-1.31,48.40572205,-122.6449002,0.99,0,blue
7514,10.34,48.40572205,-122.6449002,0.99,1,orange
7517,4.18,48.40572205,-122.6449002,0.99,0,blue
7520,10.8,48.40572205,-122.6449002,0.99,1,orange
7523,-2.24,48.40572205,-122.6449002,0.95,0,blue
7526,10.59,48.40572205,-122.6449002,0.95,1,orange
7529,5.33,48.40572205,-122.6449002,0.95,1,orange
7532,10.52,48.40572205,-122.6449002,0.95,1,orange
7535,-2.63,48.40572205,-122.6449002,0.88,0,blue
7538,10.63,48.40572205,-122.6449002,0.88,1,orange
7541,6.29,48.40572205,-122.6449002,0.88,1,orange
7544,10.01,48.40572205,-122.6449002,0.88,1,orange
7547,-2.47,48.40572205,-122.6449002,0.8,0,blue
7550,10.48,48.40572205,-122.6449002,0.8,1,orange
7553,6.99,48.40572205,-122.6449002,0.8,1,orange
7556,9.3,48.40572205,-122.6449002,0.8,1,orange
7559,-1.85,48.40572205,-122.6449002,0.71,0,blue
7562,10.24,48.40572205,-122.6449002,0.71,1,orange
7565,7.31,48.40572205,-122.6449002,0.71,1,orange
7568,8.47,48.40572205,-122.6449002,0.71,1,orange
7571,-0.93,48.40572205,-122.6449002,0.6,0,blue
7574,10.01,48.40572205,-122.6449002,0.6,1,orange
7577,7.11,48.40572205,-122.6449002,0.6,1,orange
7580,7.62,48.40572205,-122.6449002,0.6,1,orange
7583,0.09,48.40572205,-122.6449002,0.5,0,blue
7586,9.88,48.40572205,-122.6449002,0.5,1,orange
7589,6.35,48.40572205,-122.6449002,0.5,1,orange
7592,6.99,48.40572205,-122.6449002,0.5,1,orange
7595,1.02,48.40572205,-122.6449002,0.4,0,blue
7598,9.85,48.40572205,-122.6449002,0.4,1,orange
7601,5.35,48.40572205,-122.6449002,0.4,1,orange
7604,6.78,48.40572205,-122.6449002,0.31,1,orange
7607,1.74,48.40572205,-122.6449002,0.31,0,blue
7610,9.83,48.40572205,-122.6449002,0.31,1,orange
7613,4.31,48.40572205,-122.6449002,0.31,0,blue
7616,7.0,48.40572205,-122.6449002,0.22,1,orange
7619,2.33,48.40572205,-122.6449002,0.22,0,blue
7622,9.8,48.40572205,-122.6449002,0.22,1,orange
7625,3.31,48.40572205,-122.6449002,0.22,0,blue
7628,7.46,48.40572205,-122.6449002,0.15,1,orange
7631,2.92,48.40572205,-122.6449002,0.15,0,blue
7634,9.76,48.40572205,-122.6449002,0.15,1,orange
7637,2.37,48.40572205,-122.6449002,0.15,0,blue
7640,7.99,48.40572205,-122.6449002,0.09,1,orange
7643,3.59,48.40572205,-122.6449002,0.09,0,blue
7646,9.71,48.40572205,-122.6449002,0.09,1,orange
7649,1.48,48.40572205,-122.6449002,0.09,0,blue
7652,8.52,48.40572205,-122.6449002,0.04,1,orange
7655,4.35,48.40572205,-122.6449002,0.04,0,blue
7658,9.65,48.40572205,-122.6449002,0.04,1,orange
7661,0.64,48.40572205,-122.6449002,0.04,0,blue
7664,9.02,48.40572205,-122.6449002,0.01,1,orange
7667,5.13,48.40572205,-122.6449002,0.01,1,orange
7670,9.58,48.40572205,-122.6449002,0.01,1,orange
7673,-0.12,48.40572205,-122.6449002,0.01,0,blue
7676,9.47,48.40572205,-122.6449002,0.0,1,orange
7679,5.88,48.40572205,-122.6449002,0.0,1,orange
7682,9.45,48.40572205,-122.6449002,0.0,1,orange
7685,-0.75,48.40572205,-122.6449002,0.01,0,blue
7688,9.84,48.40572205,-122.6449002,0.01,1,orange
7691,6.53,48.40572205,-122.6449002,0.01,1,orange
7694,9.28,48.40572205,-122.6449002,0.01,1,orange
7697,-1.19,48.40572205,-122.6449002,0.03,0,blue
7700,10.09,48.40572205,-122.6449002,0.03,1,orange
7703,7.06,48.40572205,-122.6449002,0.03,1,orange
7706,9.06,48.40572205,-122.6449002,0.03,1,orange
7709,-1.43,48.40572205,-122.6449002,0.07,0,blue
7712,10.21,48.40572205,-122.6449002,0.07,1,orange
7715,7.47,48.40572205,-122.6449002,0.07,1,orange
7718,8.82,48.40572205,-122.6449002,0.07,1,orange
7721,-1.46,48.40572205,-122.6449002,0.14,0,blue
7724,10.19,48.40572205,-122.6449002,0.14,1,orange
7727,7.76,48.40572205,-122.6449002,0.14,1,orange
7730,8.54,48.40572205,-122.6449002,0.14,1,orange
7733,-1.28,48.40572205,-122.6449002,0.21,0,blue
7736,10.08,48.40572205,-122.6449002,0.21,1,orange
7739,7.9,48.40572205,-122.6449002,0.21,1,orange
7742,8.19,48.40572205,-122.6449002,0.21,1,orange
7745,-0.92,48.40572205,-122.6449002,0.3,0,blue
7748,9.97,48.40572205,-122.6449002,0.3,1,orange
7751,7.78,48.40572205,-122.6449002,0.3,1,orange
7754,7.73,48.40572205,-122.6449002,0.3,1,orange
7757,-0.41,48.40572205,-122.6449002,0.4,0,blue
7760,9.95,48.40572205,-122.6449002,0.4,1,orange
7763,7.24,48.40572205,-122.6449002,0.4,1,orange
7766,7.18,48.40572205,-122.6449002,0.4,1,orange
7769,0.24,48.40572205,-122.6449002,0.51,0,blue
7772,10.05,48.40572205,-122.6449002,0.51,1,orange
7775,6.2,48.40572205,-122.6449002,0.51,1,orange
7778,6.88,48.40572205,-122.6449002,0.51,1,orange
7781,0.99,48.40572205,-122.6449002,0.62,0,blue
7784,10.24,48.40572205,-122.6449002,0.62,1,orange
7787,4.78,48.40572205,-122.6449002,0.62,1,orange
7790,7.06,48.40572205,-122.6449002,0.73,1,orange
7793,1.84,48.40572205,-122.6449002,0.73,0,blue
7796,10.48,48.40572205,-122.6449002,0.73,1,orange
7799,3.08,48.40572205,-122.6449002,0.73,0,blue
7802,7.68,48.40572205,-122.6449002,0.83,1,orange
7805,2.78,48.40572205,-122.6449002,0.83,0,blue
7808,10.73,48.40572205,-122.6449002,0.83,1,orange
7811,1.26,48.40572205,-122.6449002,0.83,0,blue
7814,8.56,48.40572205,-122.6449002,0.91,1,orange
7817,3.8,48.40572205,-122.6449002,0.91,0,blue
7820,10.93,48.40572205,-122.6449002,0.91,1,orange
7823,-0.47,48.40572205,-122.6449002,0.91,0,blue
7826,9.49,48.40572205,-122.6449002,0.96,1,orange
7829,4.85,48.40572205,-122.6449002,0.96,1,orange
7832,11.03,48.40572205,-122.6449002,0.96,1,orange
7835,-1.92,48.40572205,-122.6449002,0.96,0,blue
7838,10.3,48.40572205,-122.6449002,0.99,1,orange
7841,5.81,48.40572205,-122.6449002,0.99,1,orange
7844,10.97,48.40572205,-122.6449002,0.99,1,orange
7847,-2.9,48.40572205,-122.6449002,0.99,0,blue
7850,10.88,48.40572205,-122.6449002,1.0,1,orange
7853,6.6,48.40572205,-122.6449002,1.0,1,orange
7856,10.72,48.40572205,-122.6449002,1.0,1,orange
7859,-3.35,48.40572205,-122.6449002,1.0,0,blue
7862,11.18,48.40572205,-122.6449002,0.97,1,orange
7865,7.15,48.40572205,-122.6449002,0.97,1,orange
7868,10.28,48.40572205,-122.6449002,0.97,1,orange
7871,-3.26,48.40572205,-122.6449002,0.92,0,blue
7874,11.22,48.40572205,-122.6449002,0.92,1,orange
7877,7.45,48.40572205,-122.6449002,0.92,1,orange
7880,9.68,48.40572205,-122.6449002,0.92,1,orange
7883,-2.73,48.40572205,-122.6449002,0.85,0,blue
7886,11.06,48.40572205,-122.6449002,0.85,1,orange
7889,7.48,48.40572205,-122.6449002,0.85,1,orange
7892,8.95,48.40572205,-122.6449002,0.85,1,orange
7895,-1.86,48.40572205,-122.6449002,0.76,0,blue
7898,10.8,48.40572205,-122.6449002,0.76,1,orange
7901,7.24,48.40572205,-122.6449002,0.76,1,orange
7904,8.14,48.40572205,-122.6449002,0.76,1,orange
7907,-0.78,48.40572205,-122.6449002,0.67,0,blue
7910,10.53,48.40572205,-122.6449002,0.67,1,orange
7913,6.69,48.40572205,-122.6449002,0.67,1,orange
7916,7.34,48.40572205,-122.6449002,0.67,1,orange
7919,0.41,48.40572205,-122.6449002,0.57,0,blue
7922,10.3,48.40572205,-122.6449002,0.57,1,orange
7925,5.82,48.40572205,-122.6449002,0.57,1,orange
7928,6.7,48.40572205,-122.6449002,0.57,1,orange
7931,1.64,48.40572205,-122.6449002,0.47,0,blue
7934,10.15,48.40572205,-122.6449002,0.47,1,orange
7937,4.76,48.40572205,-122.6449002,0.47,1,orange
7940,6.43,48.40572205,-122.6449002,0.47,1,orange
7943,2.84,48.40572205,-122.6449002,0.38,0,blue
7946,10.04,48.40572205,-122.6449002,0.38,1,orange
7949,3.64,48.40572205,-122.6449002,0.38,0,blue
7952,6.65,48.40572205,-122.6449002,0.29,1,orange
7955,3.96,48.40572205,-122.6449002,0.29,0,blue
7958,9.95,48.40572205,-122.6449002,0.29,1,orange
7961,2.53,48.40572205,-122.6449002,0.29,0,blue
7964,7.28,48.40572205,-122.6449002,0.21,1,orange
7967,4.97,48.40572205,-122.6449002,0.21,1,orange
7970,9.87,48.40572205,-122.6449002,0.21,1,orange
7973,1.48,48.40572205,-122.6449002,0.21,0,blue
7976,8.08,48.40572205,-122.6449002,0.14,1,orange
7979,5.86,48.40572205,-122.6449002,0.14,1,orange
7982,9.78,48.40572205,-122.6449002,0.14,1,orange
7985,0.53,48.40572205,-122.6449002,0.14,0,blue
7988,8.88,48.40572205,-122.6449002,0.08,1,orange
7991,6.61,48.40572205,-122.6449002,0.08,1,orange
7994,9.67,48.40572205,-122.6449002,0.08,1,orange
7997,-0.31,48.40572205,-122.6449002,0.08,0,blue
8000,9.57,48.40572205,-122.6449002,0.04,1,orange
8003,7.21,48.40572205,-122.6449002,0.04,1,orange
8006,9.54,48.40572205,-122.6449002,0.04,1,orange
8009,-1.0,48.40572205,-122.6449002,0.04,0,blue
8012,10.1,48.40572205,-122.6449002,0.01,1,orange
8015,7.65,48.40572205,-122.6449002,0.01,1,orange
8018,9.41,48.40572205,-122.6449002,0.01,1,orange
8021,-1.54,48.40572205,-122.6449002,0.01,0,blue
8024,10.47,48.40572205,-122.6449002,0.0,1,orange
8027,7.94,48.40572205,-122.6449002,0.0,1,orange
8030,9.28,48.40572205,-122.6449002,0.0,1,orange
8033,-1.9,48.40572205,-122.6449002,0.0,0,blue
8036,10.69,48.40572205,-122.6449002,0.01,1,orange
8039,8.1,48.40572205,-122.6449002,0.01,1,orange
8042,9.14,48.40572205,-122.6449002,0.01,1,orange
8045,-2.08,48.40572205,-122.6449002,0.01,0,blue
8048,10.79,48.40572205,-122.6449002,0.05,1,orange
8051,8.12,48.40572205,-122.6449002,0.05,1,orange
8054,8.98,48.40572205,-122.6449002,0.05,1,orange
8057,-2.06,48.40572205,-122.6449002,0.1,0,blue
8060,10.81,48.40572205,-122.6449002,0.1,1,orange
8063,8.01,48.40572205,-122.6449002,0.1,1,orange
8066,8.73,48.40572205,-122.6449002,0.1,1,orange
8069,-1.81,48.40572205,-122.6449002,0.17,0,blue
8072,10.8,48.40572205,-122.6449002,0.17,1,orange
8075,7.71,48.40572205,-122.6449002,0.17,1,orange
8078,8.34,48.40572205,-122.6449002,0.17,1,orange
8081,-1.29,48.40572205,-122.6449002,0.26,0,blue
8084,10.79,48.40572205,-122.6449002,0.26,1,orange
8087,7.14,48.40572205,-122.6449002,0.26,1,orange
8090,7.79,48.40572205,-122.6449002,0.26,1,orange
8093,-0.43,48.40572205,-122.6449002,0.36,0,blue
8096,10.81,48.40572205,-122.6449002,0.36,1,orange
8099,6.19,48.40572205,-122.6449002,0.36,1,orange
8102,7.2,48.40572205,-122.6449002,0.36,1,orange
8105,0.77,48.40572205,-122.6449002,0.47,0,blue
8108,10.86,48.40572205,-122.6449002,0.47,1,orange
8111,4.84,48.40572205,-122.6449002,0.47,1,orange
8114,6.85,48.40572205,-122.6449002,0.47,1,orange
8117,2.22,48.40572205,-122.6449002,0.58,0,blue
8120,10.94,48.40572205,-122.6449002,0.58,1,orange
8123,3.19,48.40572205,-122.6449002,0.58,0,blue
8126,7.04,48.40572205,-122.6449002,0.69,1,orange
8129,3.79,48.40572205,-122.6449002,0.69,0,blue
8132,11.02,48.40572205,-122.6449002,0.69,1,orange
8135,1.42,48.40572205,-122.6449002,0.69,0,blue
8138,7.81,48.40572205,-122.6449002,0.79,1,orange
8141,5.24,48.40572205,-122.6449002,0.79,1,orange
8144,11.07,48.40572205,-122.6449002,0.79,1,orange
8147,-0.26,48.40572205,-122.6449002,0.79,0,blue
8150,8.9,48.40572205,-122.6449002,0.88,1,orange
8153,6.42,48.40572205,-122.6449002,0.88,1,orange
8156,11.05,48.40572205,-122.6449002,0.88,1,orange
8159,-1.67,48.40572205,-122.6449002,0.88,0,blue
8162,9.96,48.40572205,-122.6449002,0.94,1,orange
8165,7.23,48.40572205,-122.6449002,0.94,1,orange
8168,10.95,48.40572205,-122.6449002,0.94,1,orange
8171,-2.67,48.40572205,-122.6449002,0.94,0,blue
8174,10.77,48.40572205,-122.6449002,0.98,1,orange
8177,7.69,48.40572205,-122.6449002,0.98,1,orange
8180,10.73,48.40572205,-122.6449002,0.98,1,orange
8183,-3.19,48.40572205,-122.6449002,0.98,0,blue
8186,11.26,48.40572205,-122.6449002,1.0,1,orange
8189,7.86,48.40572205,-122.6449002,1.0,1,orange
8192,10.41,48.40572205,-122.6449002,1.0,1,orange
8195,-3.26,48.40572205,-122.6449002,1.0,0,blue
8198,11.45,48.40572205,-122.6449002,0.99,1,orange
8201,7.8,48.40572205,-122.6449002,0.99,1,orange
8204,9.99,48.40572205,-122.6449002,0.99,1,orange
8207,-2.95,48.40572205,-122.6449002,0.99,0,blue
8210,11.42,48.40572205,-122.6449002,0.95,1,orange
8213,7.57,48.40572205,-122.6449002,0.95,1,orange
8216,9.47,48.40572205,-122.6449002,0.95,1,orange
8219,-2.34,48.40572205,-122.6449002,0.89,0,blue
8222,11.26,48.40572205,-122.6449002,0.89,1,orange
8225,7.21,48.40572205,-122.6449002,0.89,1,orange
8228,8.86,48.40572205,-122.6449002,0.89,1,orange
8231,-1.48,48.40572205,-122.6449002,0.82,0,blue
8234,11.05,48.40572205,-122.6449002,0.82,1,orange
8237,6.71,48.40572205,-122.6449002,0.82,1,orange
8240,8.17,48.40572205,-122.6449002,0.82,1,orange
8243,-0.4,48.40572205,-122.6449002,0.74,0,blue
8246,10.84,48.40572205,-122.6449002,0.74,1,orange
8249,6.07,48.40572205,-122.6449002,0.74,1,orange
8252,7.46,48.40572205,-122.6449002,0.74,1,orange
8255,0.88,48.40572205,-122.6449002,0.65,0,blue
8258,10.63,48.40572205,-122.6449002,0.65,1,orange
8261,5.25,48.40572205,-122.6449002,0.65,1,orange
8264,6.83,48.40572205,-122.6449002,0.65,1,orange
8267,2.33,48.40572205,-122.6449002,0.56,0,blue
8270,10.44,48.40572205,-122.6449002,0.56,1,orange
8273,4.29,48.40572205,-122.6449002,0.56,0,blue
8276,6.48,48.40572205,-122.6449002,0.56,1,orange
8279,3.88,48.40572205,-122.6449002,0.46,0,blue
8282,10.23,48.40572205,-122.6449002,0.46,1,orange
8285,3.24,48.40572205,-122.6449002,0.46,0,blue
8288,6.64,48.40572205,-122.6449002,0.37,1,orange
8291,5.4,48.40572205,-122.6449002,0.37,1,orange
8294,10.02,48.40572205,-122.6449002,0.37,1,orange
8297,2.18,48.40572205,-122.6449002,0.37,0,blue
8300,7.39,48.40572205,-122.6449002,0.28,1,orange
8303,6.71,48.40572205,-122.6449002,0.28,1,orange
8306,9.81,48.40572205,-122.6449002,0.28,1,orange
8309,1.19,48.40572205,-122.6449002,0.28,0,blue
8312,8.39,48.40572205,-122.6449002,0.2,1,orange
8315,7.63,48.40572205,-122.6449002,0.2,1,orange
8318,9.61,48.40572205,-122.6449002,0.2,1,orange
8321,0.29,48.40572205,-122.6449002,0.2,0,blue
8324,9.3,48.40572205,-122.6449002,0.13,1,orange
8327,8.14,48.40572205,-122.6449002,0.13,1,orange
8330,9.45,48.40572205,-122.6449002,0.13,1,orange
8333,-0.49,48.40572205,-122.6449002,0.13,0,blue
8337,10.0,48.40572205,-122.6449002,0.07,1,orange
8339,8.38,48.40572205,-122.6449002,0.07,1,orange
8342,9.35,48.40572205,-122.6449002,0.07,1,orange
8345,-1.16,48.40572205,-122.6449002,0.07,0,blue
8348,10.47,48.40572205,-122.6449002,0.03,1,orange
8351,8.45,48.40572205,-122.6449002,0.03,1,orange
8354,9.32,48.40572205,-122.6449002,0.03,1,orange
8357,-1.7,48.40572205,-122.6449002,0.03,0,blue
8360,10.77,48.40572205,-122.6449002,0.01,1,orange
8363,8.39,48.40572205,-122.6449002,0.01,1,orange
8366,9.33,48.40572205,-122.6449002,0.01,1,orange
8369,-2.1,48.40572205,-122.6449002,0.01,0,blue
8372,10.96,48.40572205,-122.6449002,0.0,1,orange
8375,8.2,48.40572205,-122.6449002,0.0,1,orange
8378,9.34,48.40572205,-122.6449002,0.0,1,orange
8381,-2.4,48.40572205,-122.6449002,0.0,0,blue
