,Current_Speed_(knots),Latitude,Longitude,Moon Illuminated,clusters,cluster
4140,4.0,48.40572205,-122.6449002,0.75,0,blue
4143,5.3,48.40572205,-122.6449002,0.75,1,orange
4145,2.9,48.40572205,-122.6449002,0.75,0,blue
4149,3.9,48.40572205,-122.6449002,0.75,0,blue
4152,3.5,48.40572205,-122.6449002,0.67,0,blue
4155,5.1,48.40572205,-122.6449002,0.67,1,orange
4157,2.8,48.40572205,-122.6449002,0.67,0,blue
4161,3.5,48.40572205,-122.6449002,0.67,0,blue
4164,3.2,48.40572205,-122.6449002,0.58,0,blue
4167,4.9,48.40572205,-122.6449002,0.58,0,blue
4170,2.7,48.40572205,-122.6449002,0.58,0,blue
4173,3.3,48.40572205,-122.6449002,0.58,0,blue
4176,3.1,48.40572205,-122.6449002,0.48,0,blue
4179,4.9,48.40572205,-122.6449002,0.48,0,blue
4182,2.7,48.40572205,-122.6449002,0.48,0,blue
4185,3.5,48.40572205,-122.6449002,0.39,0,blue
4188,3.3,48.40572205,-122.6449002,0.39,0,blue
4191,5.4,48.40572205,-122.6449002,0.39,1,orange
4194,3.1,48.40572205,-122.6449002,0.39,0,blue
4197,3.9,48.40572205,-122.6449002,0.29,0,blue
4200,3.4,48.40572205,-122.6449002,0.29,0,blue
4203,6.1,48.40572205,-122.6449002,0.29,1,orange
4206,3.9,48.40572205,-122.6449002,0.29,0,blue
4209,4.3,48.40572205,-122.6449002,0.2,0,blue
4212,3.5,48.40572205,-122.6449002,0.2,0,blue
4215,6.8,48.40572205,-122.6449002,0.2,1,orange
4218,4.9,48.40572205,-122.6449002,0.2,0,blue
4221,4.7,48.40572205,-122.6449002,0.13,0,blue
4224,3.5,48.40572205,-122.6449002,0.13,0,blue
4227,7.5,48.40572205,-122.6449002,0.13,1,orange
4230,5.9,48.40572205,-122.6449002,0.13,1,orange
4233,5.0,48.40572205,-122.6449002,0.06,1,orange
4236,3.5,48.40572205,-122.6449002,0.06,0,blue
4239,8.0,48.40572205,-122.6449002,0.06,1,orange
4242,6.6,48.40572205,-122.6449002,0.06,1,orange
4245,5.3,48.40572205,-122.6449002,0.02,1,orange
4248,3.3,48.40572205,-122.6449002,0.02,0,blue
4251,8.1,48.40572205,-122.6449002,0.02,1,orange
4254,7.1,48.40572205,-122.6449002,0.02,1,orange
4257,5.6,48.40572205,-122.6449002,0.0,1,orange
4260,3.3,48.40572205,-122.6449002,0.0,0,blue
4263,7.9,48.40572205,-122.6449002,0.0,1,orange
4266,7.2,48.40572205,-122.6449002,0.01,1,orange
4269,6.1,48.40572205,-122.6449002,0.01,1,orange
4272,3.4,48.40572205,-122.6449002,0.01,0,blue
4275,7.5,48.40572205,-122.6449002,0.01,1,orange
4278,7.1,48.40572205,-122.6449002,0.05,1,orange
4281,6.5,48.40572205,-122.6449002,0.05,1,orange
4284,3.7,48.40572205,-122.6449002,0.05,0,blue
4287,7.0,48.40572205,-122.6449002,0.05,1,orange
4290,6.7,48.40572205,-122.6449002,0.11,1,orange
4293,6.8,48.40572205,-122.6449002,0.11,1,orange
4296,3.9,48.40572205,-122.6449002,0.11,0,blue
4299,6.5,48.40572205,-122.6449002,0.11,1,orange
4302,6.2,48.40572205,-122.6449002,0.2,1,orange
4305,6.8,48.40572205,-122.6449002,0.2,1,orange
4308,3.9,48.40572205,-122.6449002,0.2,0,blue
4311,5.9,48.40572205,-122.6449002,0.2,1,orange
4314,5.6,48.40572205,-122.6449002,0.3,1,orange
4317,6.6,48.40572205,-122.6449002,0.3,1,orange
4320,3.6,48.40572205,-122.6449002,0.3,0,blue
4323,5.2,48.40572205,-122.6449002,0.3,1,orange
4326,5.0,48.40572205,-122.6449002,0.41,1,orange
4329,6.1,48.40572205,-122.6449002,0.41,1,orange
4332,3.3,48.40572205,-122.6449002,0.41,0,blue
4335,4.6,48.40572205,-122.6449002,0.41,0,blue
4338,4.6,48.40572205,-122.6449002,0.52,0,blue
4341,5.9,48.40572205,-122.6449002,0.52,1,orange
4344,3.5,48.40572205,-122.6449002,0.52,0,blue
4347,4.6,48.40572205,-122.6449002,0.63,0,blue
4350,4.4,48.40572205,-122.6449002,0.63,0,blue
4353,6.0,48.40572205,-122.6449002,0.63,1,orange
4356,4.3,48.40572205,-122.6449002,0.63,0,blue
4359,4.9,48.40572205,-122.6449002,0.73,0,blue
4362,4.3,48.40572205,-122.6449002,0.73,0,blue
4365,6.4,48.40572205,-122.6449002,0.73,1,orange
4368,5.2,48.40572205,-122.6449002,0.73,1,orange
4371,5.4,48.40572205,-122.6449002,0.82,1,orange
4374,4.4,48.40572205,-122.6449002,0.82,0,blue
4377,6.8,48.40572205,-122.6449002,0.82,1,orange
4380,6.0,48.40572205,-122.6449002,0.82,1,orange
4383,5.8,48.40572205,-122.6449002,0.89,1,orange
4386,4.3,48.40572205,-122.6449002,0.89,0,blue
4389,6.9,48.40572205,-122.6449002,0.89,1,orange
4392,6.3,48.40572205,-122.6449002,0.89,1,orange
4395,6.1,48.40572205,-122.6449002,0.94,1,orange
4398,4.1,48.40572205,-122.6449002,0.94,0,blue
4401,6.7,48.40572205,-122.6449002,0.94,1,orange
4404,6.2,48.40572205,-122.6449002,0.98,1,orange
4407,6.2,48.40572205,-122.6449002,0.98,1,orange
4410,3.8,48.40572205,-122.6449002,0.98,0,blue
4413,6.3,48.40572205,-122.6449002,0.98,1,orange
4416,5.8,48.40572205,-122.6449002,1.0,1,orange
4419,6.1,48.40572205,-122.6449002,1.0,1,orange
4422,3.6,48.40572205,-122.6449002,1.0,0,blue
4425,5.8,48.40572205,-122.6449002,1.0,1,orange
4428,5.2,48.40572205,-122.6449002,1.0,1,orange
4431,5.9,48.40572205,-122.6449002,1.0,1,orange
4434,3.5,48.40572205,-122.6449002,1.0,0,blue
4437,5.3,48.40572205,-122.6449002,1.0,1,orange
4440,4.7,48.40572205,-122.6449002,0.98,0,blue
4443,5.8,48.40572205,-122.6449002,0.98,1,orange
4446,3.6,48.40572205,-122.6449002,0.98,0,blue
4449,5.0,48.40572205,-122.6449002,0.98,1,orange
4452,4.4,48.40572205,-122.6449002,0.94,0,blue
4455,5.8,48.40572205,-122.6449002,0.94,1,orange
4458,3.7,48.40572205,-122.6449002,0.94,0,blue
4461,4.9,48.40572205,-122.6449002,0.94,0,blue
4464,4.3,48.40572205,-122.6449002,0.89,0,blue
4467,5.8,48.40572205,-122.6449002,0.89,1,orange
4470,3.8,48.40572205,-122.6449002,0.89,0,blue
4473,4.8,48.40572205,-122.6449002,0.89,0,blue
4476,4.1,48.40572205,-122.6449002,0.82,0,blue
4479,5.8,48.40572205,-122.6449002,0.82,1,orange
4482,3.7,48.40572205,-122.6449002,0.82,0,blue
4485,4.6,48.40572205,-122.6449002,0.82,0,blue
4488,3.9,48.40572205,-122.6449002,0.74,0,blue
4491,5.6,48.40572205,-122.6449002,0.74,1,orange
4494,3.5,48.40572205,-122.6449002,0.74,0,blue
4497,4.1,48.40572205,-122.6449002,0.74,0,blue
4500,3.6,48.40572205,-122.6449002,0.66,0,blue
4503,5.4,48.40572205,-122.6449002,0.66,1,orange
4506,3.2,48.40572205,-122.6449002,0.66,0,blue
4509,3.6,48.40572205,-122.6449002,0.66,0,blue
4512,3.3,48.40572205,-122.6449002,0.56,0,blue
4515,5.4,48.40572205,-122.6449002,0.56,1,orange
4518,3.1,48.40572205,-122.6449002,0.56,0,blue
4521,3.4,48.40572205,-122.6449002,0.47,0,blue
4524,3.0,48.40572205,-122.6449002,0.47,0,blue
4527,5.7,48.40572205,-122.6449002,0.47,1,orange
4530,3.5,48.40572205,-122.6449002,0.47,0,blue
4533,3.7,48.40572205,-122.6449002,0.36,0,blue
4536,2.8,48.40572205,-122.6449002,0.36,0,blue
4539,6.2,48.40572205,-122.6449002,0.36,1,orange
4542,4.3,48.40572205,-122.6449002,0.36,0,blue
4545,4.3,48.40572205,-122.6449002,0.27,0,blue
4548,2.7,48.40572205,-122.6449002,0.27,0,blue
4551,6.8,48.40572205,-122.6449002,0.27,1,orange
4554,5.3,48.40572205,-122.6449002,0.27,1,orange
4557,4.9,48.40572205,-122.6449002,0.18,0,blue
4560,2.8,48.40572205,-122.6449002,0.18,0,blue
4563,7.1,48.40572205,-122.6449002,0.18,1,orange
4566,6.1,48.40572205,-122.6449002,0.18,1,orange
4569,5.4,48.40572205,-122.6449002,0.1,1,orange
4572,3.0,48.40572205,-122.6449002,0.1,0,blue
4575,7.3,48.40572205,-122.6449002,0.1,1,orange
4578,6.7,48.40572205,-122.6449002,0.1,1,orange
4581,5.9,48.40572205,-122.6449002,0.04,1,orange
4584,3.4,48.40572205,-122.6449002,0.04,0,blue
4587,7.3,48.40572205,-122.6449002,0.04,1,orange
4590,6.9,48.40572205,-122.6449002,0.04,1,orange
4593,6.4,48.40572205,-122.6449002,0.01,1,orange
4596,3.9,48.40572205,-122.6449002,0.01,0,blue
4599,7.1,48.40572205,-122.6449002,0.01,1,orange
4602,6.8,48.40572205,-122.6449002,0.01,1,orange
4605,6.8,48.40572205,-122.6449002,0.0,1,orange
4608,4.3,48.40572205,-122.6449002,0.0,0,blue
4611,6.9,48.40572205,-122.6449002,0.0,1,orange
4614,6.5,48.40572205,-122.6449002,0.03,1,orange
4617,7.1,48.40572205,-122.6449002,0.03,1,orange
4620,4.6,48.40572205,-122.6449002,0.03,0,blue
4623,6.6,48.40572205,-122.6449002,0.03,1,orange
4626,6.2,48.40572205,-122.6449002,0.08,1,orange
4629,7.3,48.40572205,-122.6449002,0.08,1,orange
4632,4.7,48.40572205,-122.6449002,0.08,0,blue
4635,6.4,48.40572205,-122.6449002,0.08,1,orange
4638,5.9,48.40572205,-122.6449002,0.16,1,orange
4641,7.1,48.40572205,-122.6449002,0.16,1,orange
4644,4.5,48.40572205,-122.6449002,0.16,0,blue
4647,6.0,48.40572205,-122.6449002,0.16,1,orange
4650,5.5,48.40572205,-122.6449002,0.26,1,orange
4653,6.8,48.40572205,-122.6449002,0.26,1,orange
4656,4.0,48.40572205,-122.6449002,0.26,0,blue
4659,5.2,48.40572205,-122.6449002,0.26,1,orange
4662,5.0,48.40572205,-122.6449002,0.36,1,orange
4665,6.4,48.40572205,-122.6449002,0.36,1,orange
4668,3.6,48.40572205,-122.6449002,0.36,0,blue
4671,4.6,48.40572205,-122.6449002,0.36,0,blue
4674,4.4,48.40572205,-122.6449002,0.47,0,blue
4677,6.0,48.40572205,-122.6449002,0.47,1,orange
4680,3.8,48.40572205,-122.6449002,0.47,0,blue
4683,4.5,48.40572205,-122.6449002,0.58,0,blue
4686,3.8,48.40572205,-122.6449002,0.58,0,blue
4689,5.8,48.40572205,-122.6449002,0.58,1,orange
4692,4.5,48.40572205,-122.6449002,0.58,0,blue
4695,4.8,48.40572205,-122.6449002,0.68,0,blue
4698,3.4,48.40572205,-122.6449002,0.68,0,blue
4701,5.8,48.40572205,-122.6449002,0.68,1,orange
4704,5.2,48.40572205,-122.6449002,0.68,1,orange
4707,5.4,48.40572205,-122.6449002,0.77,1,orange
4710,3.4,48.40572205,-122.6449002,0.77,0,blue
4713,5.8,48.40572205,-122.6449002,0.77,1,orange
4716,5.7,48.40572205,-122.6449002,0.77,1,orange
4719,5.9,48.40572205,-122.6449002,0.84,1,orange
4722,3.5,48.40572205,-122.6449002,0.84,0,blue
4725,5.8,48.40572205,-122.6449002,0.84,1,orange
4728,5.8,48.40572205,-122.6449002,0.84,1,orange
4731,6.2,48.40572205,-122.6449002,0.91,1,orange
4734,3.7,48.40572205,-122.6449002,0.91,0,blue
4737,5.5,48.40572205,-122.6449002,0.91,1,orange
4740,5.4,48.40572205,-122.6449002,0.91,1,orange
4743,6.3,48.40572205,-122.6449002,0.96,1,orange
4746,3.8,48.40572205,-122.6449002,0.96,0,blue
4749,5.3,48.40572205,-122.6449002,0.96,1,orange
4752,4.9,48.40572205,-122.6449002,0.96,0,blue
4755,6.1,48.40572205,-122.6449002,0.99,1,orange
4758,4.0,48.40572205,-122.6449002,0.99,0,blue
4761,5.1,48.40572205,-122.6449002,0.99,1,orange
4764,4.5,48.40572205,-122.6449002,1.0,0,blue
4767,6.0,48.40572205,-122.6449002,1.0,1,orange
4770,4.1,48.40572205,-122.6449002,1.0,0,blue
4773,5.0,48.40572205,-122.6449002,1.0,1,orange
4776,4.3,48.40572205,-122.6449002,0.99,0,blue
4779,6.0,48.40572205,-122.6449002,0.99,1,orange
4782,4.3,48.40572205,-122.6449002,0.99,0,blue
4785,5.1,48.40572205,-122.6449002,0.99,1,orange
4788,4.3,48.40572205,-122.6449002,0.97,0,blue
4791,6.1,48.40572205,-122.6449002,0.97,1,orange
4794,4.4,48.40572205,-122.6449002,0.97,0,blue
4797,5.2,48.40572205,-122.6449002,0.97,1,orange
4800,4.3,48.40572205,-122.6449002,0.93,0,blue
4803,6.2,48.40572205,-122.6449002,0.93,1,orange
4806,4.4,48.40572205,-122.6449002,0.93,0,blue
4809,5.2,48.40572205,-122.6449002,0.93,1,orange
4812,4.4,48.40572205,-122.6449002,0.88,0,blue
4815,6.3,48.40572205,-122.6449002,0.88,1,orange
4818,4.4,48.40572205,-122.6449002,0.88,0,blue
4821,5.0,48.40572205,-122.6449002,0.88,1,orange
4824,4.2,48.40572205,-122.6449002,0.81,0,blue
4827,6.3,48.40572205,-122.6449002,0.81,1,orange
4830,4.2,48.40572205,-122.6449002,0.81,0,blue
4833,4.4,48.40572205,-122.6449002,0.81,0,blue
4836,3.7,48.40572205,-122.6449002,0.73,0,blue
4839,6.3,48.40572205,-122.6449002,0.73,1,orange
4842,4.0,48.40572205,-122.6449002,0.73,0,blue
4845,3.7,48.40572205,-122.6449002,0.73,0,blue
4848,3.1,48.40572205,-122.6449002,0.63,0,blue
4851,6.1,48.40572205,-122.6449002,0.63,1,orange
4854,4.0,48.40572205,-122.6449002,0.63,0,blue
4857,3.4,48.40572205,-122.6449002,0.53,0,blue
4860,2.4,48.40572205,-122.6449002,0.53,0,blue
4863,6.1,48.40572205,-122.6449002,0.53,1,orange
4866,4.4,48.40572205,-122.6449002,0.53,0,blue
4869,3.8,48.40572205,-122.6449002,0.43,0,blue
4872,2.0,48.40572205,-122.6449002,0.43,0,blue
4875,6.1,48.40572205,-122.6449002,0.43,1,orange
4878,4.9,48.40572205,-122.6449002,0.43,0,blue
4881,4.5,48.40572205,-122.6449002,0.32,0,blue
4884,2.0,48.40572205,-122.6449002,0.32,0,blue
4887,6.2,48.40572205,-122.6449002,0.32,1,orange
4890,5.4,48.40572205,-122.6449002,0.32,1,orange
4893,5.3,48.40572205,-122.6449002,0.22,1,orange
4896,2.5,48.40572205,-122.6449002,0.22,0,blue
4899,6.2,48.40572205,-122.6449002,0.22,1,orange
4902,5.9,48.40572205,-122.6449002,0.22,1,orange
4905,6.0,48.40572205,-122.6449002,0.13,1,orange
4908,3.3,48.40572205,-122.6449002,0.13,0,blue
4911,6.3,48.40572205,-122.6449002,0.13,1,orange
4914,6.2,48.40572205,-122.6449002,0.13,1,orange
4917,6.6,48.40572205,-122.6449002,0.06,1,orange
4920,4.1,48.40572205,-122.6449002,0.06,0,blue
4923,6.4,48.40572205,-122.6449002,0.06,1,orange
4926,6.2,48.40572205,-122.6449002,0.06,1,orange
4929,7.1,48.40572205,-122.6449002,0.02,1,orange
4932,4.7,48.40572205,-122.6449002,0.02,0,blue
4935,6.5,48.40572205,-122.6449002,0.02,1,orange
4938,6.2,48.40572205,-122.6449002,0.02,1,orange
4941,7.4,48.40572205,-122.6449002,0.0,1,orange
4944,5.1,48.40572205,-122.6449002,0.0,1,orange
4947,6.6,48.40572205,-122.6449002,0.0,1,orange
4950,6.1,48.40572205,-122.6449002,0.01,1,orange
4953,7.5,48.40572205,-122.6449002,0.01,1,orange
4956,5.2,48.40572205,-122.6449002,0.01,1,orange
4959,6.5,48.40572205,-122.6449002,0.01,1,orange
4962,6.0,48.40572205,-122.6449002,0.06,1,orange
4965,7.5,48.40572205,-122.6449002,0.06,1,orange
4968,5.1,48.40572205,-122.6449002,0.06,1,orange
4971,6.3,48.40572205,-122.6449002,0.06,1,orange
4974,5.8,48.40572205,-122.6449002,0.13,1,orange
4977,7.4,48.40572205,-122.6449002,0.13,1,orange
4980,4.8,48.40572205,-122.6449002,0.13,0,blue
4983,5.9,48.40572205,-122.6449002,0.13,1,orange
4986,5.4,48.40572205,-122.6449002,0.21,1,orange
4989,7.1,48.40572205,-122.6449002,0.21,1,orange
4992,4.4,48.40572205,-122.6449002,0.21,0,blue
4995,5.1,48.40572205,-122.6449002,0.21,1,orange
4998,4.7,48.40572205,-122.6449002,0.31,0,blue
5001,6.6,48.40572205,-122.6449002,0.31,1,orange
5004,4.2,48.40572205,-122.6449002,0.31,0,blue
5007,4.6,48.40572205,-122.6449002,0.41,0,blue
5010,3.7,48.40572205,-122.6449002,0.41,0,blue
5013,6.0,48.40572205,-122.6449002,0.41,1,orange
5016,4.3,48.40572205,-122.6449002,0.41,0,blue
5019,4.6,48.40572205,-122.6449002,0.52,0,blue
5022,2.9,48.40572205,-122.6449002,0.52,0,blue
5025,5.3,48.40572205,-122.6449002,0.52,1,orange
5028,4.5,48.40572205,-122.6449002,0.52,0,blue
5031,4.9,48.40572205,-122.6449002,0.62,0,blue
5034,2.5,48.40572205,-122.6449002,0.62,0,blue
5037,4.8,48.40572205,-122.6449002,0.62,0,blue
5040,4.8,48.40572205,-122.6449002,0.62,0,blue
5043,5.4,48.40572205,-122.6449002,0.71,1,orange
5046,2.7,48.40572205,-122.6449002,0.71,0,blue
5049,4.5,48.40572205,-122.6449002,0.71,0,blue
5052,4.8,48.40572205,-122.6449002,0.71,0,blue
5055,5.9,48.40572205,-122.6449002,0.79,1,orange
5058,3.2,48.40572205,-122.6449002,0.79,0,blue
5061,4.5,48.40572205,-122.6449002,0.79,0,blue
5064,4.6,48.40572205,-122.6449002,0.79,0,blue
5067,6.1,48.40572205,-122.6449002,0.87,1,orange
5070,3.7,48.40572205,-122.6449002,0.87,0,blue
5073,4.5,48.40572205,-122.6449002,0.87,0,blue
5076,4.3,48.40572205,-122.6449002,0.87,0,blue
5079,6.1,48.40572205,-122.6449002,0.92,1,orange
5082,4.1,48.40572205,-122.6449002,0.92,0,blue
5085,4.7,48.40572205,-122.6449002,0.92,0,blue
5088,4.0,48.40572205,-122.6449002,0.97,0,blue
5091,6.0,48.40572205,-122.6449002,0.97,1,orange
5094,4.4,48.40572205,-122.6449002,0.97,0,blue
5097,4.9,48.40572205,-122.6449002,0.97,0,blue
5100,4.1,48.40572205,-122.6449002,0.99,0,blue
5103,6.1,48.40572205,-122.6449002,0.99,1,orange
5106,4.6,48.40572205,-122.6449002,0.99,0,blue
5109,5.1,48.40572205,-122.6449002,0.99,1,orange
5112,4.2,48.40572205,-122.6449002,1.0,0,blue
5115,6.3,48.40572205,-122.6449002,1.0,1,orange
5118,4.7,48.40572205,-122.6449002,1.0,0,blue
5121,5.3,48.40572205,-122.6449002,1.0,1,orange
5124,4.4,48.40572205,-122.6449002,0.99,0,blue
5127,6.5,48.40572205,-122.6449002,0.99,1,orange
5130,4.8,48.40572205,-122.6449002,0.99,0,blue
5133,5.4,48.40572205,-122.6449002,0.99,1,orange
5136,4.6,48.40572205,-122.6449002,0.96,0,blue
5139,6.7,48.40572205,-122.6449002,0.96,1,orange
5142,4.9,48.40572205,-122.6449002,0.96,0,blue
5145,5.3,48.40572205,-122.6449002,0.96,1,orange
5148,4.5,48.40572205,-122.6449002,0.92,0,blue
5151,7.0,48.40572205,-122.6449002,0.92,1,orange
5154,5.0,48.40572205,-122.6449002,0.92,1,orange
5157,5.0,48.40572205,-122.6449002,0.92,1,orange
5160,4.1,48.40572205,-122.6449002,0.86,0,blue
5163,7.2,48.40572205,-122.6449002,0.86,1,orange
5166,5.1,48.40572205,-122.6449002,0.86,1,orange
5169,4.5,48.40572205,-122.6449002,0.86,0,blue
5172,3.4,48.40572205,-122.6449002,0.78,0,blue
5175,7.1,48.40572205,-122.6449002,0.78,1,orange
5178,5.2,48.40572205,-122.6449002,0.78,1,orange
5181,3.9,48.40572205,-122.6449002,0.78,0,blue
5184,2.5,48.40572205,-122.6449002,0.69,0,blue
5187,6.7,48.40572205,-122.6449002,0.69,1,orange
5190,5.2,48.40572205,-122.6449002,0.69,1,orange
5193,3.8,48.40572205,-122.6449002,0.59,0,blue
5196,1.8,48.40572205,-122.6449002,0.59,0,blue
5199,6.1,48.40572205,-122.6449002,0.59,1,orange
5202,5.1,48.40572205,-122.6449002,0.59,1,orange
5205,4.2,48.40572205,-122.6449002,0.48,0,blue
5208,1.5,48.40572205,-122.6449002,0.48,0,blue
5211,5.5,48.40572205,-122.6449002,0.48,1,orange
5214,5.2,48.40572205,-122.6449002,0.48,1,orange
5217,4.9,48.40572205,-122.6449002,0.37,0,blue
5220,1.9,48.40572205,-122.6449002,0.37,0,blue
5223,5.2,48.40572205,-122.6449002,0.37,1,orange
5226,5.2,48.40572205,-122.6449002,0.37,1,orange
5229,5.7,48.40572205,-122.6449002,0.26,1,orange
5232,2.8,48.40572205,-122.6449002,0.26,0,blue
5235,5.3,48.40572205,-122.6449002,0.26,1,orange
5238,5.3,48.40572205,-122.6449002,0.26,1,orange
5241,6.4,48.40572205,-122.6449002,0.17,1,orange
5244,3.9,48.40572205,-122.6449002,0.17,0,blue
5247,5.6,48.40572205,-122.6449002,0.17,1,orange
5250,5.5,48.40572205,-122.6449002,0.17,1,orange
5253,7.0,48.40572205,-122.6449002,0.09,1,orange
5256,4.8,48.40572205,-122.6449002,0.09,0,blue
5259,6.0,48.40572205,-122.6449002,0.09,1,orange
5262,5.7,48.40572205,-122.6449002,0.09,1,orange
5265,7.5,48.40572205,-122.6449002,0.03,1,orange
5268,5.3,48.40572205,-122.6449002,0.03,1,orange
5271,6.3,48.40572205,-122.6449002,0.03,1,orange
5274,5.9,48.40572205,-122.6449002,0.0,1,orange
5277,7.7,48.40572205,-122.6449002,0.0,1,orange
5280,5.5,48.40572205,-122.6449002,0.0,1,orange
5283,6.4,48.40572205,-122.6449002,0.0,1,orange
5286,5.9,48.40572205,-122.6449002,0.0,1,orange
5289,7.8,48.40572205,-122.6449002,0.0,1,orange
5292,5.5,48.40572205,-122.6449002,0.0,1,orange
5295,6.3,48.40572205,-122.6449002,0.0,1,orange
5298,5.8,48.40572205,-122.6449002,0.04,1,orange
5301,7.8,48.40572205,-122.6449002,0.04,1,orange
5304,5.4,48.40572205,-122.6449002,0.04,1,orange
5307,6.1,48.40572205,-122.6449002,0.04,1,orange
5310,5.5,48.40572205,-122.6449002,0.09,1,orange
5313,7.7,48.40572205,-122.6449002,0.09,1,orange
5316,5.3,48.40572205,-122.6449002,0.09,1,orange
5319,5.7,48.40572205,-122.6449002,0.09,1,orange
5322,4.8,48.40572205,-122.6449002,0.17,0,blue
5325,7.3,48.40572205,-122.6449002,0.17,1,orange
5328,5.1,48.40572205,-122.6449002,0.17,1,orange
5331,5.1,48.40572205,-122.6449002,0.17,1,orange
5334,3.9,48.40572205,-122.6449002,0.26,0,blue
5337,6.7,48.40572205,-122.6449002,0.26,1,orange
5340,4.8,48.40572205,-122.6449002,0.26,0,blue
5343,4.8,48.40572205,-122.6449002,0.35,0,blue
5346,2.9,48.40572205,-122.6449002,0.35,0,blue
5349,5.7,48.40572205,-122.6449002,0.35,1,orange
5352,4.5,48.40572205,-122.6449002,0.35,0,blue
5355,4.8,48.40572205,-122.6449002,0.45,0,blue
5358,2.1,48.40572205,-122.6449002,0.45,0,blue
5361,4.6,48.40572205,-122.6449002,0.45,0,blue
5364,4.2,48.40572205,-122.6449002,0.45,0,blue
5367,5.0,48.40572205,-122.6449002,0.55,1,orange
5370,2.0,48.40572205,-122.6449002,0.55,0,blue
5373,3.7,48.40572205,-122.6449002,0.55,0,blue
5376,3.8,48.40572205,-122.6449002,0.55,0,blue
5379,5.3,48.40572205,-122.6449002,0.65,1,orange
5382,2.4,48.40572205,-122.6449002,0.65,0,blue
5385,3.4,48.40572205,-122.6449002,0.65,0,blue
5388,3.5,48.40572205,-122.6449002,0.65,0,blue
5391,5.5,48.40572205,-122.6449002,0.74,1,orange
5394,3.1,48.40572205,-122.6449002,0.74,0,blue
5397,3.7,48.40572205,-122.6449002,0.74,0,blue
5400,3.4,48.40572205,-122.6449002,0.74,0,blue
5403,5.6,48.40572205,-122.6449002,0.82,1,orange
5406,3.8,48.40572205,-122.6449002,0.82,0,blue
5409,4.1,48.40572205,-122.6449002,0.82,0,blue
5412,3.4,48.40572205,-122.6449002,0.82,0,blue
5415,5.7,48.40572205,-122.6449002,0.88,1,orange
5418,4.2,48.40572205,-122.6449002,0.88,0,blue
5421,4.6,48.40572205,-122.6449002,0.88,0,blue
5424,3.7,48.40572205,-122.6449002,0.88,0,blue
5427,5.9,48.40572205,-122.6449002,0.94,1,orange
5430,4.4,48.40572205,-122.6449002,0.94,0,blue
5433,5.0,48.40572205,-122.6449002,0.94,1,orange
5436,4.1,48.40572205,-122.6449002,0.94,0,blue
5439,6.3,48.40572205,-122.6449002,0.97,1,orange
5442,4.7,48.40572205,-122.6449002,0.97,0,blue
5445,5.2,48.40572205,-122.6449002,0.97,1,orange
5448,4.5,48.40572205,-122.6449002,1.0,0,blue
5451,6.7,48.40572205,-122.6449002,1.0,1,orange
5454,5.0,48.40572205,-122.6449002,1.0,1,orange
5457,5.3,48.40572205,-122.6449002,1.0,1,orange
5460,4.6,48.40572205,-122.6449002,1.0,0,blue
5463,7.1,48.40572205,-122.6449002,1.0,1,orange
5466,5.2,48.40572205,-122.6449002,1.0,1,orange
5469,5.3,48.40572205,-122.6449002,1.0,1,orange
5472,4.5,48.40572205,-122.6449002,0.98,0,blue
5475,7.5,48.40572205,-122.6449002,0.98,1,orange
5478,5.6,48.40572205,-122.6449002,0.98,1,orange
5481,5.1,48.40572205,-122.6449002,0.98,1,orange
5484,4.1,48.40572205,-122.6449002,0.95,0,blue
5487,7.8,48.40572205,-122.6449002,0.95,1,orange
5490,6.0,48.40572205,-122.6449002,0.95,1,orange
5493,4.9,48.40572205,-122.6449002,0.95,0,blue
5496,3.5,48.40572205,-122.6449002,0.89,0,blue
5499,7.8,48.40572205,-122.6449002,0.89,1,orange
5502,6.2,48.40572205,-122.6449002,0.89,1,orange
5505,4.7,48.40572205,-122.6449002,0.89,0,blue
5508,2.8,48.40572205,-122.6449002,0.82,0,blue
5511,7.5,48.40572205,-122.6449002,0.82,1,orange
5514,6.3,48.40572205,-122.6449002,0.82,1,orange
5517,4.5,48.40572205,-122.6449002,0.82,0,blue
5520,2.1,48.40572205,-122.6449002,0.73,0,blue
5523,6.7,48.40572205,-122.6449002,0.73,1,orange
5526,6.0,48.40572205,-122.6449002,0.73,1,orange
5529,4.5,48.40572205,-122.6449002,0.63,0,blue
5532,1.7,48.40572205,-122.6449002,0.63,0,blue
5535,5.7,48.40572205,-122.6449002,0.63,1,orange
5538,5.5,48.40572205,-122.6449002,0.63,1,orange
5541,4.8,48.40572205,-122.6449002,0.52,0,blue
5544,1.7,48.40572205,-122.6449002,0.52,0,blue
5547,4.9,48.40572205,-122.6449002,0.52,0,blue
5550,5.0,48.40572205,-122.6449002,0.52,1,orange
5553,5.3,48.40572205,-122.6449002,0.4,1,orange
5556,2.3,48.40572205,-122.6449002,0.4,0,blue
5559,4.5,48.40572205,-122.6449002,0.4,0,blue
5562,4.8,48.40572205,-122.6449002,0.4,0,blue
5565,5.9,48.40572205,-122.6449002,0.29,1,orange
5568,3.3,48.40572205,-122.6449002,0.29,0,blue
5571,4.7,48.40572205,-122.6449002,0.29,0,blue
5574,4.8,48.40572205,-122.6449002,0.29,0,blue
5577,6.6,48.40572205,-122.6449002,0.19,1,orange
5580,4.4,48.40572205,-122.6449002,0.19,0,blue
5583,5.3,48.40572205,-122.6449002,0.19,1,orange
5586,5.1,48.40572205,-122.6449002,0.19,1,orange
5589,7.2,48.40572205,-122.6449002,0.11,1,orange
5592,5.2,48.40572205,-122.6449002,0.11,1,orange
5595,5.9,48.40572205,-122.6449002,0.11,1,orange
5598,5.6,48.40572205,-122.6449002,0.11,1,orange
5601,7.7,48.40572205,-122.6449002,0.05,1,orange
5604,5.6,48.40572205,-122.6449002,0.05,1,orange
5607,6.2,48.40572205,-122.6449002,0.05,1,orange
5610,5.9,48.40572205,-122.6449002,0.01,1,orange
5613,8.0,48.40572205,-122.6449002,0.01,1,orange
5616,5.8,48.40572205,-122.6449002,0.01,1,orange
5619,6.2,48.40572205,-122.6449002,0.01,1,orange
5622,5.8,48.40572205,-122.6449002,0.0,1,orange
5625,8.1,48.40572205,-122.6449002,0.0,1,orange
5628,5.9,48.40572205,-122.6449002,0.0,1,orange
5631,6.1,48.40572205,-122.6449002,0.0,1,orange
5634,5.4,48.40572205,-122.6449002,0.02,1,orange
5637,8.0,48.40572205,-122.6449002,0.02,1,orange
5640,6.0,48.40572205,-122.6449002,0.02,1,orange
5643,5.9,48.40572205,-122.6449002,0.02,1,orange
5646,4.8,48.40572205,-122.6449002,0.06,0,blue
5649,7.7,48.40572205,-122.6449002,0.06,1,orange
5652,5.9,48.40572205,-122.6449002,0.06,1,orange
5655,5.7,48.40572205,-122.6449002,0.06,1,orange
5658,4.0,48.40572205,-122.6449002,0.13,0,blue
5661,7.1,48.40572205,-122.6449002,0.13,1,orange
5664,5.6,48.40572205,-122.6449002,0.13,1,orange
5667,5.4,48.40572205,-122.6449002,0.13,1,orange
5670,3.1,48.40572205,-122.6449002,0.21,0,blue
5673,6.2,48.40572205,-122.6449002,0.21,1,orange
5676,5.0,48.40572205,-122.6449002,0.21,1,orange
5679,5.1,48.40572205,-122.6449002,0.3,1,orange
5682,2.4,48.40572205,-122.6449002,0.3,0,blue
5685,5.1,48.40572205,-122.6449002,0.3,1,orange
5688,4.3,48.40572205,-122.6449002,0.3,0,blue
5691,4.9,48.40572205,-122.6449002,0.39,0,blue
5693,1.9,48.40572205,-122.6449002,0.39,0,blue
5697,3.9,48.40572205,-122.6449002,0.39,0,blue
5700,3.5,48.40572205,-122.6449002,0.39,0,blue
5703,4.8,48.40572205,-122.6449002,0.49,0,blue
5706,1.9,48.40572205,-122.6449002,0.49,0,blue
5709,3.0,48.40572205,-122.6449002,0.49,0,blue
5712,2.9,48.40572205,-122.6449002,0.49,0,blue
5715,4.7,48.40572205,-122.6449002,0.58,0,blue
5718,2.3,48.40572205,-122.6449002,0.58,0,blue
5721,2.9,48.40572205,-122.6449002,0.58,0,blue
5724,2.6,48.40572205,-122.6449002,0.58,0,blue
5727,4.7,48.40572205,-122.6449002,0.67,0,blue
5730,2.9,48.40572205,-122.6449002,0.67,0,blue
5733,3.4,48.40572205,-122.6449002,0.67,0,blue
5736,2.7,48.40572205,-122.6449002,0.67,0,blue
5739,4.9,48.40572205,-122.6449002,0.76,0,blue
5742,3.4,48.40572205,-122.6449002,0.76,0,blue
5745,4.0,48.40572205,-122.6449002,0.76,0,blue
5748,3.1,48.40572205,-122.6449002,0.76,0,blue
5751,5.4,48.40572205,-122.6449002,0.83,1,orange
5754,3.8,48.40572205,-122.6449002,0.83,0,blue
5757,4.6,48.40572205,-122.6449002,0.83,0,blue
5760,3.7,48.40572205,-122.6449002,0.83,0,blue
5763,6.0,48.40572205,-122.6449002,0.9,1,orange
5766,4.3,48.40572205,-122.6449002,0.9,0,blue
5769,4.9,48.40572205,-122.6449002,0.9,0,blue
5772,4.3,48.40572205,-122.6449002,0.9,0,blue
5775,6.6,48.40572205,-122.6449002,0.95,1,orange
5778,4.8,48.40572205,-122.6449002,0.95,0,blue
5781,5.1,48.40572205,-122.6449002,0.95,1,orange
5784,4.5,48.40572205,-122.6449002,0.98,0,blue
5787,7.3,48.40572205,-122.6449002,0.98,1,orange
5790,5.3,48.40572205,-122.6449002,0.98,1,orange
5793,5.1,48.40572205,-122.6449002,0.98,1,orange
5796,4.4,48.40572205,-122.6449002,1.0,0,blue
5799,7.8,48.40572205,-122.6449002,1.0,1,orange
5802,5.9,48.40572205,-122.6449002,1.0,1,orange
5805,5.1,48.40572205,-122.6449002,1.0,1,orange
5808,4.0,48.40572205,-122.6449002,0.99,0,blue
5811,8.1,48.40572205,-122.6449002,0.99,1,orange
5814,6.4,48.40572205,-122.6449002,0.99,1,orange
5817,5.1,48.40572205,-122.6449002,0.99,1,orange
5820,3.5,48.40572205,-122.6449002,0.96,0,blue
5823,8.1,48.40572205,-122.6449002,0.96,1,orange
5826,6.8,48.40572205,-122.6449002,0.96,1,orange
5829,5.2,48.40572205,-122.6449002,0.96,1,orange
5832,3.0,48.40572205,-122.6449002,0.92,0,blue
5835,7.8,48.40572205,-122.6449002,0.92,1,orange
5838,7.0,48.40572205,-122.6449002,0.92,1,orange
5841,5.4,48.40572205,-122.6449002,0.92,1,orange
5844,2.6,48.40572205,-122.6449002,0.85,0,blue
5847,7.3,48.40572205,-122.6449002,0.85,1,orange
5850,6.8,48.40572205,-122.6449002,0.85,1,orange
5853,5.5,48.40572205,-122.6449002,0.85,1,orange
5856,2.4,48.40572205,-122.6449002,0.76,0,blue
5859,6.4,48.40572205,-122.6449002,0.76,1,orange
5862,6.2,48.40572205,-122.6449002,0.76,1,orange
5865,5.5,48.40572205,-122.6449002,0.76,1,orange
5868,2.3,48.40572205,-122.6449002,0.66,0,blue
5871,5.3,48.40572205,-122.6449002,0.66,1,orange
5874,5.4,48.40572205,-122.6449002,0.66,1,orange
5877,5.5,48.40572205,-122.6449002,0.55,1,orange
5880,2.4,48.40572205,-122.6449002,0.55,0,blue
5883,4.5,48.40572205,-122.6449002,0.55,0,blue
5886,4.7,48.40572205,-122.6449002,0.55,0,blue
5889,5.7,48.40572205,-122.6449002,0.43,1,orange
5892,2.8,48.40572205,-122.6449002,0.43,0,blue
5895,4.3,48.40572205,-122.6449002,0.43,0,blue
5898,4.4,48.40572205,-122.6449002,0.43,0,blue
5901,6.1,48.40572205,-122.6449002,0.32,1,orange
5904,3.6,48.40572205,-122.6449002,0.32,0,blue
5907,4.6,48.40572205,-122.6449002,0.32,0,blue
5910,4.6,48.40572205,-122.6449002,0.32,0,blue
5913,6.6,48.40572205,-122.6449002,0.22,1,orange
5916,4.5,48.40572205,-122.6449002,0.22,0,blue
5919,5.2,48.40572205,-122.6449002,0.22,1,orange
5922,5.1,48.40572205,-122.6449002,0.22,1,orange
5925,7.3,48.40572205,-122.6449002,0.13,1,orange
5928,5.3,48.40572205,-122.6449002,0.13,1,orange
5931,5.7,48.40572205,-122.6449002,0.13,1,orange
5934,5.5,48.40572205,-122.6449002,0.13,1,orange
5937,7.8,48.40572205,-122.6449002,0.06,1,orange
5940,5.9,48.40572205,-122.6449002,0.06,1,orange
5943,6.0,48.40572205,-122.6449002,0.06,1,orange
5946,5.6,48.40572205,-122.6449002,0.02,1,orange
5949,8.2,48.40572205,-122.6449002,0.02,1,orange
5952,6.3,48.40572205,-122.6449002,0.02,1,orange
5955,6.0,48.40572205,-122.6449002,0.02,1,orange
5958,5.3,48.40572205,-122.6449002,0.0,1,orange
5961,8.2,48.40572205,-122.6449002,0.0,1,orange
5964,6.5,48.40572205,-122.6449002,0.0,1,orange
5967,6.0,48.40572205,-122.6449002,0.0,1,orange
5970,4.7,48.40572205,-122.6449002,0.01,0,blue
5973,7.9,48.40572205,-122.6449002,0.01,1,orange
5976,6.5,48.40572205,-122.6449002,0.01,1,orange
5979,6.0,48.40572205,-122.6449002,0.01,1,orange
5982,4.0,48.40572205,-122.6449002,0.04,0,blue
5985,7.2,48.40572205,-122.6449002,0.04,1,orange
5988,6.2,48.40572205,-122.6449002,0.04,1,orange
5991,5.9,48.40572205,-122.6449002,0.04,1,orange
5994,3.4,48.40572205,-122.6449002,0.09,0,blue
5997,6.4,48.40572205,-122.6449002,0.09,1,orange
6000,5.6,48.40572205,-122.6449002,0.09,1,orange
6003,5.7,48.40572205,-122.6449002,0.09,1,orange
6006,2.9,48.40572205,-122.6449002,0.16,0,blue
6009,5.5,48.40572205,-122.6449002,0.16,1,orange
6012,4.8,48.40572205,-122.6449002,0.16,0,blue
6015,5.3,48.40572205,-122.6449002,0.16,1,orange
6018,2.5,48.40572205,-122.6449002,0.24,0,blue
6021,4.6,48.40572205,-122.6449002,0.24,0,blue
6024,4.1,48.40572205,-122.6449002,0.24,0,blue
6027,4.8,48.40572205,-122.6449002,0.24,0,blue
6029,2.3,48.40572205,-122.6449002,0.33,0,blue
6033,3.7,48.40572205,-122.6449002,0.33,0,blue
6036,3.3,48.40572205,-122.6449002,0.33,0,blue
6039,4.5,48.40572205,-122.6449002,0.42,0,blue
6041,2.2,48.40572205,-122.6449002,0.42,0,blue
6045,3.0,48.40572205,-122.6449002,0.42,0,blue
6048,2.7,48.40572205,-122.6449002,0.42,0,blue
6051,4.3,48.40572205,-122.6449002,0.51,0,blue
6053,2.2,48.40572205,-122.6449002,0.51,0,blue
6057,2.9,48.40572205,-122.6449002,0.51,0,blue
6060,2.6,48.40572205,-122.6449002,0.51,0,blue
6063,4.4,48.40572205,-122.6449002,0.61,0,blue
6066,2.4,48.40572205,-122.6449002,0.61,0,blue
6069,3.3,48.40572205,-122.6449002,0.61,0,blue
6072,2.8,48.40572205,-122.6449002,0.61,0,blue
6075,4.8,48.40572205,-122.6449002,0.7,0,blue
6078,2.9,48.40572205,-122.6449002,0.7,0,blue
6081,3.9,48.40572205,-122.6449002,0.7,0,blue
6084,3.3,48.40572205,-122.6449002,0.7,0,blue
6087,5.4,48.40572205,-122.6449002,0.78,1,orange
6090,3.5,48.40572205,-122.6449002,0.78,0,blue
6093,4.4,48.40572205,-122.6449002,0.78,0,blue
6096,3.8,48.40572205,-122.6449002,0.78,0,blue
6099,6.2,48.40572205,-122.6449002,0.86,1,orange
6102,4.2,48.40572205,-122.6449002,0.86,0,blue
6105,4.7,48.40572205,-122.6449002,0.86,0,blue
6108,4.0,48.40572205,-122.6449002,0.86,0,blue
6111,7.0,48.40572205,-122.6449002,0.92,1,orange
6114,5.1,48.40572205,-122.6449002,0.92,1,orange
6117,4.9,48.40572205,-122.6449002,0.92,0,blue
6120,4.0,48.40572205,-122.6449002,0.92,0,blue
6123,7.6,48.40572205,-122.6449002,0.97,1,orange
6126,5.9,48.40572205,-122.6449002,0.97,1,orange
6129,5.1,48.40572205,-122.6449002,0.97,1,orange
6132,3.8,48.40572205,-122.6449002,0.99,0,blue
6135,8.0,48.40572205,-122.6449002,0.99,1,orange
6138,6.6,48.40572205,-122.6449002,0.99,1,orange
6141,5.3,48.40572205,-122.6449002,0.99,1,orange
6144,3.4,48.40572205,-122.6449002,1.0,0,blue
6147,8.1,48.40572205,-122.6449002,1.0,1,orange
6150,7.0,48.40572205,-122.6449002,1.0,1,orange
6153,5.5,48.40572205,-122.6449002,1.0,1,orange
6156,3.1,48.40572205,-122.6449002,0.98,0,blue
6159,7.8,48.40572205,-122.6449002,0.98,1,orange
6162,7.2,48.40572205,-122.6449002,0.98,1,orange
6165,5.8,48.40572205,-122.6449002,0.98,1,orange
6168,3.0,48.40572205,-122.6449002,0.93,0,blue
6171,7.4,48.40572205,-122.6449002,0.93,1,orange
6174,7.1,48.40572205,-122.6449002,0.93,1,orange
6177,6.2,48.40572205,-122.6449002,0.93,1,orange
6180,3.1,48.40572205,-122.6449002,0.87,0,blue
6183,6.8,48.40572205,-122.6449002,0.87,1,orange
6186,6.6,48.40572205,-122.6449002,0.87,1,orange
6189,6.3,48.40572205,-122.6449002,0.87,1,orange
6192,3.2,48.40572205,-122.6449002,0.78,0,blue
6195,6.1,48.40572205,-122.6449002,0.78,1,orange
6198,6.0,48.40572205,-122.6449002,0.78,1,orange
6201,6.3,48.40572205,-122.6449002,0.78,1,orange
6204,3.2,48.40572205,-122.6449002,0.68,0,blue
6207,5.3,48.40572205,-122.6449002,0.68,1,orange
6210,5.2,48.40572205,-122.6449002,0.68,1,orange
6213,6.1,48.40572205,-122.6449002,0.68,1,orange
6216,3.1,48.40572205,-122.6449002,0.57,0,blue
6219,4.6,48.40572205,-122.6449002,0.57,0,blue
6222,4.6,48.40572205,-122.6449002,0.57,0,blue
6225,6.0,48.40572205,-122.6449002,0.45,1,orange
6228,3.1,48.40572205,-122.6449002,0.45,0,blue
6231,4.3,48.40572205,-122.6449002,0.45,0,blue
6234,4.4,48.40572205,-122.6449002,0.45,0,blue
6237,6.1,48.40572205,-122.6449002,0.34,1,orange
6240,3.7,48.40572205,-122.6449002,0.34,0,blue
6243,4.5,48.40572205,-122.6449002,0.34,0,blue
6246,4.6,48.40572205,-122.6449002,0.34,0,blue
6249,6.6,48.40572205,-122.6449002,0.24,1,orange
6252,4.7,48.40572205,-122.6449002,0.24,0,blue
6255,5.1,48.40572205,-122.6449002,0.24,1,orange
6258,4.8,48.40572205,-122.6449002,0.24,0,blue
6261,7.3,48.40572205,-122.6449002,0.15,1,orange
6264,5.6,48.40572205,-122.6449002,0.15,1,orange
6267,5.6,48.40572205,-122.6449002,0.15,1,orange
6270,5.0,48.40572205,-122.6449002,0.15,1,orange
6273,7.8,48.40572205,-122.6449002,0.08,1,orange
6276,6.4,48.40572205,-122.6449002,0.08,1,orange
6279,6.0,48.40572205,-122.6449002,0.08,1,orange
6282,4.9,48.40572205,-122.6449002,0.08,0,blue
6285,7.9,48.40572205,-122.6449002,0.03,1,orange
6288,6.7,48.40572205,-122.6449002,0.03,1,orange
6291,6.2,48.40572205,-122.6449002,0.03,1,orange
6294,4.5,48.40572205,-122.6449002,0.01,0,blue
6297,7.7,48.40572205,-122.6449002,0.01,1,orange
6300,6.7,48.40572205,-122.6449002,0.01,1,orange
6303,6.3,48.40572205,-122.6449002,0.01,1,orange
6306,4.0,48.40572205,-122.6449002,0.0,0,blue
6309,7.1,48.40572205,-122.6449002,0.0,1,orange
6312,6.4,48.40572205,-122.6449002,0.0,1,orange
6315,6.2,48.40572205,-122.6449002,0.0,1,orange
6318,3.6,48.40572205,-122.6449002,0.02,0,blue
6321,6.3,48.40572205,-122.6449002,0.02,1,orange
6324,5.7,48.40572205,-122.6449002,0.02,1,orange
6327,6.1,48.40572205,-122.6449002,0.02,1,orange
6330,3.4,48.40572205,-122.6449002,0.06,0,blue
6333,5.6,48.40572205,-122.6449002,0.06,1,orange
6336,5.0,48.40572205,-122.6449002,0.06,1,orange
6339,5.7,48.40572205,-122.6449002,0.06,1,orange
6342,3.2,48.40572205,-122.6449002,0.12,0,blue
6345,5.0,48.40572205,-122.6449002,0.12,1,orange
6348,4.4,48.40572205,-122.6449002,0.12,0,blue
6351,5.4,48.40572205,-122.6449002,0.12,1,orange
6354,3.1,48.40572205,-122.6449002,0.18,0,blue
6357,4.5,48.40572205,-122.6449002,0.18,0,blue
6360,3.8,48.40572205,-122.6449002,0.18,0,blue
6363,5.1,48.40572205,-122.6449002,0.18,1,orange
6366,3.0,48.40572205,-122.6449002,0.26,0,blue
6369,4.0,48.40572205,-122.6449002,0.26,0,blue
6372,3.4,48.40572205,-122.6449002,0.26,0,blue
6375,4.9,48.40572205,-122.6449002,0.26,0,blue
6378,2.8,48.40572205,-122.6449002,0.35,0,blue
6381,3.6,48.40572205,-122.6449002,0.35,0,blue
6384,3.1,48.40572205,-122.6449002,0.35,0,blue
6387,4.7,48.40572205,-122.6449002,0.35,0,blue
6390,2.6,48.40572205,-122.6449002,0.44,0,blue
6393,3.3,48.40572205,-122.6449002,0.44,0,blue
6396,3.0,48.40572205,-122.6449002,0.44,0,blue
6399,4.7,48.40572205,-122.6449002,0.54,0,blue
6402,2.5,48.40572205,-122.6449002,0.54,0,blue
6405,3.4,48.40572205,-122.6449002,0.54,0,blue
6408,3.1,48.40572205,-122.6449002,0.54,0,blue
6411,5.0,48.40572205,-122.6449002,0.63,1,orange
6414,2.8,48.40572205,-122.6449002,0.63,0,blue
6417,3.7,48.40572205,-122.6449002,0.63,0,blue
6420,3.2,48.40572205,-122.6449002,0.63,0,blue
6423,5.6,48.40572205,-122.6449002,0.72,1,orange
6426,3.5,48.40572205,-122.6449002,0.72,0,blue
6429,4.2,48.40572205,-122.6449002,0.72,0,blue
6432,3.3,48.40572205,-122.6449002,0.72,0,blue
6435,6.4,48.40572205,-122.6449002,0.81,1,orange
6438,4.5,48.40572205,-122.6449002,0.81,0,blue
6441,4.7,48.40572205,-122.6449002,0.81,0,blue
6444,3.3,48.40572205,-122.6449002,0.81,0,blue
6447,7.0,48.40572205,-122.6449002,0.88,1,orange
6450,5.6,48.40572205,-122.6449002,0.88,1,orange
6453,5.1,48.40572205,-122.6449002,0.88,1,orange
6456,3.3,48.40572205,-122.6449002,0.88,0,blue
6459,7.5,48.40572205,-122.6449002,0.94,1,orange
6462,6.4,48.40572205,-122.6449002,0.94,1,orange
6465,5.4,48.40572205,-122.6449002,0.94,1,orange
6468,3.3,48.40572205,-122.6449002,0.98,0,blue
6471,7.6,48.40572205,-122.6449002,0.98,1,orange
6474,6.9,48.40572205,-122.6449002,0.98,1,orange
6477,5.8,48.40572205,-122.6449002,0.98,1,orange
6480,3.3,48.40572205,-122.6449002,1.0,0,blue
6483,7.5,48.40572205,-122.6449002,1.0,1,orange
6486,7.1,48.40572205,-122.6449002,1.0,1,orange
6489,6.2,48.40572205,-122.6449002,1.0,1,orange
6492,3.5,48.40572205,-122.6449002,0.99,0,blue
6495,7.2,48.40572205,-122.6449002,0.99,1,orange
6498,6.9,48.40572205,-122.6449002,0.99,1,orange
6501,6.5,48.40572205,-122.6449002,0.99,1,orange
6504,3.7,48.40572205,-122.6449002,0.95,0,blue
6507,6.8,48.40572205,-122.6449002,0.95,1,orange
6510,6.6,48.40572205,-122.6449002,0.95,1,orange
6513,6.8,48.40572205,-122.6449002,0.95,1,orange
6516,4.0,48.40572205,-122.6449002,0.89,0,blue
6519,6.4,48.40572205,-122.6449002,0.89,1,orange
6522,6.2,48.40572205,-122.6449002,0.89,1,orange
6525,7.0,48.40572205,-122.6449002,0.89,1,orange
6528,4.1,48.40572205,-122.6449002,0.8,0,blue
6531,6.0,48.40572205,-122.6449002,0.8,1,orange
6534,5.7,48.40572205,-122.6449002,0.8,1,orange
6537,6.8,48.40572205,-122.6449002,0.8,1,orange
6540,3.9,48.40572205,-122.6449002,0.7,0,blue
6543,5.4,48.40572205,-122.6449002,0.7,1,orange
6546,5.2,48.40572205,-122.6449002,0.7,1,orange
6549,6.5,48.40572205,-122.6449002,0.7,1,orange
6552,3.5,48.40572205,-122.6449002,0.59,0,blue
6555,4.7,48.40572205,-122.6449002,0.59,0,blue
6558,4.7,48.40572205,-122.6449002,0.59,0,blue
6561,6.2,48.40572205,-122.6449002,0.48,1,orange
6564,3.4,48.40572205,-122.6449002,0.48,0,blue
6567,4.3,48.40572205,-122.6449002,0.48,0,blue
6570,4.4,48.40572205,-122.6449002,0.48,0,blue
6573,6.3,48.40572205,-122.6449002,0.37,1,orange
6576,4.0,48.40572205,-122.6449002,0.37,0,blue
6579,4.5,48.40572205,-122.6449002,0.37,0,blue
6582,4.2,48.40572205,-122.6449002,0.37,0,blue
6585,6.6,48.40572205,-122.6449002,0.26,1,orange
6588,5.0,48.40572205,-122.6449002,0.26,1,orange
6591,5.0,48.40572205,-122.6449002,0.26,1,orange
6594,4.2,48.40572205,-122.6449002,0.26,0,blue
6597,6.9,48.40572205,-122.6449002,0.18,1,orange
6600,5.9,48.40572205,-122.6449002,0.18,1,orange
6603,5.7,48.40572205,-122.6449002,0.18,1,orange
6606,4.2,48.40572205,-122.6449002,0.18,0,blue
6609,7.1,48.40572205,-122.6449002,0.1,1,orange
6612,6.6,48.40572205,-122.6449002,0.1,1,orange
6615,6.2,48.40572205,-122.6449002,0.1,1,orange
6618,4.2,48.40572205,-122.6449002,0.1,0,blue
6621,7.0,48.40572205,-122.6449002,0.05,1,orange
6624,6.6,48.40572205,-122.6449002,0.05,1,orange
6627,6.5,48.40572205,-122.6449002,0.05,1,orange
6630,4.1,48.40572205,-122.6449002,0.01,0,blue
6633,6.6,48.40572205,-122.6449002,0.01,1,orange
6636,6.2,48.40572205,-122.6449002,0.01,1,orange
6639,6.5,48.40572205,-122.6449002,0.01,1,orange
6642,4.0,48.40572205,-122.6449002,0.0,0,blue
6645,6.0,48.40572205,-122.6449002,0.0,1,orange
6648,5.6,48.40572205,-122.6449002,0.0,1,orange
6651,6.3,48.40572205,-122.6449002,0.0,1,orange
6654,3.9,48.40572205,-122.6449002,0.01,0,blue
6657,5.5,48.40572205,-122.6449002,0.01,1,orange
6660,4.9,48.40572205,-122.6449002,0.01,0,blue
6663,5.9,48.40572205,-122.6449002,0.01,1,orange
6666,3.8,48.40572205,-122.6449002,0.03,0,blue
6669,5.1,48.40572205,-122.6449002,0.03,1,orange
6672,4.3,48.40572205,-122.6449002,0.03,0,blue
6675,5.7,48.40572205,-122.6449002,0.03,1,orange
6678,3.8,48.40572205,-122.6449002,0.08,0,blue
6681,4.9,48.40572205,-122.6449002,0.08,0,blue
6684,4.0,48.40572205,-122.6449002,0.08,0,blue
6687,5.6,48.40572205,-122.6449002,0.08,1,orange
6690,3.8,48.40572205,-122.6449002,0.13,0,blue
6693,4.8,48.40572205,-122.6449002,0.13,0,blue
6696,3.9,48.40572205,-122.6449002,0.13,0,blue
6699,5.5,48.40572205,-122.6449002,0.13,1,orange
6702,3.7,48.40572205,-122.6449002,0.21,0,blue
6705,4.6,48.40572205,-122.6449002,0.21,0,blue
6708,3.8,48.40572205,-122.6449002,0.21,0,blue
6711,5.5,48.40572205,-122.6449002,0.21,1,orange
6714,3.5,48.40572205,-122.6449002,0.29,0,blue
6717,4.2,48.40572205,-122.6449002,0.29,0,blue
6720,3.6,48.40572205,-122.6449002,0.29,0,blue
6723,5.3,48.40572205,-122.6449002,0.29,1,orange
6726,3.2,48.40572205,-122.6449002,0.38,0,blue
6729,3.7,48.40572205,-122.6449002,0.38,0,blue
6732,3.3,48.40572205,-122.6449002,0.38,0,blue
6735,5.3,48.40572205,-122.6449002,0.38,1,orange
6738,3.1,48.40572205,-122.6449002,0.47,0,blue
6741,3.4,48.40572205,-122.6449002,0.47,0,blue
6744,3.0,48.40572205,-122.6449002,0.47,0,blue
6747,5.5,48.40572205,-122.6449002,0.57,1,orange
6750,3.4,48.40572205,-122.6449002,0.57,0,blue
6753,3.6,48.40572205,-122.6449002,0.57,0,blue
6756,2.7,48.40572205,-122.6449002,0.57,0,blue
6759,5.8,48.40572205,-122.6449002,0.67,1,orange
6762,4.1,48.40572205,-122.6449002,0.67,0,blue
6765,4.2,48.40572205,-122.6449002,0.67,0,blue
6768,2.5,48.40572205,-122.6449002,0.67,0,blue
6771,6.2,48.40572205,-122.6449002,0.76,1,orange
6774,5.0,48.40572205,-122.6449002,0.76,1,orange
6777,4.9,48.40572205,-122.6449002,0.76,0,blue
6780,2.6,48.40572205,-122.6449002,0.76,0,blue
6783,6.5,48.40572205,-122.6449002,0.85,1,orange
6786,5.8,48.40572205,-122.6449002,0.85,1,orange
6789,5.5,48.40572205,-122.6449002,0.85,1,orange
6792,2.9,48.40572205,-122.6449002,0.85,0,blue
6795,6.7,48.40572205,-122.6449002,0.92,1,orange
6798,6.4,48.40572205,-122.6449002,0.92,1,orange
6801,6.0,48.40572205,-122.6449002,0.92,1,orange
6804,3.3,48.40572205,-122.6449002,0.92,0,blue
6807,6.8,48.40572205,-122.6449002,0.97,1,orange
6810,6.6,48.40572205,-122.6449002,0.97,1,orange
6813,6.4,48.40572205,-122.6449002,0.97,1,orange
6816,3.8,48.40572205,-122.6449002,1.0,0,blue
6819,6.7,48.40572205,-122.6449002,1.0,1,orange
6822,6.5,48.40572205,-122.6449002,1.0,1,orange
6825,6.8,48.40572205,-122.6449002,1.0,1,orange
6828,4.3,48.40572205,-122.6449002,0.99,0,blue
6831,6.6,48.40572205,-122.6449002,0.99,1,orange
6834,6.3,48.40572205,-122.6449002,0.99,1,orange
6837,7.1,48.40572205,-122.6449002,0.99,1,orange
6840,4.6,48.40572205,-122.6449002,0.96,0,blue
6843,6.5,48.40572205,-122.6449002,0.96,1,orange
6846,6.0,48.40572205,-122.6449002,0.96,1,orange
6849,7.3,48.40572205,-122.6449002,0.96,1,orange
6852,4.8,48.40572205,-122.6449002,0.91,0,blue
6855,6.4,48.40572205,-122.6449002,0.91,1,orange
6858,5.9,48.40572205,-122.6449002,0.91,1,orange
6861,7.4,48.40572205,-122.6449002,0.91,1,orange
6864,4.7,48.40572205,-122.6449002,0.82,0,blue
6867,6.0,48.40572205,-122.6449002,0.82,1,orange
6870,5.6,48.40572205,-122.6449002,0.82,1,orange
6873,7.3,48.40572205,-122.6449002,0.82,1,orange
6876,4.3,48.40572205,-122.6449002,0.73,0,blue
6879,5.4,48.40572205,-122.6449002,0.73,1,orange
6882,5.2,48.40572205,-122.6449002,0.73,1,orange
6885,7.0,48.40572205,-122.6449002,0.73,1,orange
6888,3.9,48.40572205,-122.6449002,0.62,0,blue
6891,4.6,48.40572205,-122.6449002,0.62,0,blue
6894,4.6,48.40572205,-122.6449002,0.62,0,blue
6897,6.6,48.40572205,-122.6449002,0.62,1,orange
6900,3.9,48.40572205,-122.6449002,0.51,0,blue
6903,4.3,48.40572205,-122.6449002,0.51,0,blue
6906,3.9,48.40572205,-122.6449002,0.51,0,blue
6909,6.3,48.40572205,-122.6449002,0.4,1,orange
6912,4.4,48.40572205,-122.6449002,0.4,0,blue
6915,4.6,48.40572205,-122.6449002,0.4,0,blue
6918,3.4,48.40572205,-122.6449002,0.4,0,blue
6921,6.1,48.40572205,-122.6449002,0.3,1,orange
6924,5.2,48.40572205,-122.6449002,0.3,1,orange
6927,5.3,48.40572205,-122.6449002,0.3,1,orange
6930,3.3,48.40572205,-122.6449002,0.3,0,blue
6933,6.0,48.40572205,-122.6449002,0.21,1,orange
6936,5.8,48.40572205,-122.6449002,0.21,1,orange
6939,6.0,48.40572205,-122.6449002,0.21,1,orange
6942,3.5,48.40572205,-122.6449002,0.21,0,blue
6945,5.9,48.40572205,-122.6449002,0.13,1,orange
6948,6.0,48.40572205,-122.6449002,0.13,1,orange
6951,6.5,48.40572205,-122.6449002,0.13,1,orange
6954,3.9,48.40572205,-122.6449002,0.13,0,blue
6957,5.7,48.40572205,-122.6449002,0.07,1,orange
6960,5.8,48.40572205,-122.6449002,0.07,1,orange
6963,6.6,48.40572205,-122.6449002,0.07,1,orange
6966,4.2,48.40572205,-122.6449002,0.03,0,blue
6969,5.5,48.40572205,-122.6449002,0.03,1,orange
6972,5.2,48.40572205,-122.6449002,0.03,1,orange
6975,6.4,48.40572205,-122.6449002,0.03,1,orange
6978,4.3,48.40572205,-122.6449002,0.01,0,blue
6981,5.3,48.40572205,-122.6449002,0.01,1,orange
6984,4.6,48.40572205,-122.6449002,0.01,0,blue
6987,6.0,48.40572205,-122.6449002,0.01,1,orange
6990,4.3,48.40572205,-122.6449002,0.0,0,blue
6993,5.1,48.40572205,-122.6449002,0.0,1,orange
6996,4.2,48.40572205,-122.6449002,0.0,0,blue
6999,5.8,48.40572205,-122.6449002,0.0,1,orange
7002,4.3,48.40572205,-122.6449002,0.01,0,blue
7005,5.1,48.40572205,-122.6449002,0.01,1,orange
7008,4.0,48.40572205,-122.6449002,0.01,0,blue
7011,5.8,48.40572205,-122.6449002,0.01,1,orange
7014,4.3,48.40572205,-122.6449002,0.05,0,blue
7017,5.1,48.40572205,-122.6449002,0.05,1,orange
7020,4.1,48.40572205,-122.6449002,0.05,0,blue
7023,5.9,48.40572205,-122.6449002,0.05,1,orange
7026,4.3,48.40572205,-122.6449002,0.09,0,blue
7029,5.1,48.40572205,-122.6449002,0.09,1,orange
7032,4.2,48.40572205,-122.6449002,0.09,0,blue
7035,6.1,48.40572205,-122.6449002,0.09,1,orange
7038,4.3,48.40572205,-122.6449002,0.15,0,blue
7041,4.9,48.40572205,-122.6449002,0.15,0,blue
7044,4.1,48.40572205,-122.6449002,0.15,0,blue
7047,6.2,48.40572205,-122.6449002,0.15,1,orange
7050,4.2,48.40572205,-122.6449002,0.23,0,blue
7053,4.5,48.40572205,-122.6449002,0.23,0,blue
7056,3.8,48.40572205,-122.6449002,0.23,0,blue
7059,6.2,48.40572205,-122.6449002,0.23,1,orange
7062,4.1,48.40572205,-122.6449002,0.31,0,blue
7065,3.9,48.40572205,-122.6449002,0.31,0,blue
7068,3.1,48.40572205,-122.6449002,0.31,0,blue
7071,6.1,48.40572205,-122.6449002,0.31,1,orange
7074,4.1,48.40572205,-122.6449002,0.41,0,blue
7077,3.5,48.40572205,-122.6449002,0.41,0,blue
7080,2.4,48.40572205,-122.6449002,0.41,0,blue
7083,5.9,48.40572205,-122.6449002,0.51,1,orange
7086,4.4,48.40572205,-122.6449002,0.51,0,blue
7089,3.9,48.40572205,-122.6449002,0.51,0,blue
7092,1.9,48.40572205,-122.6449002,0.51,0,blue
7095,5.7,48.40572205,-122.6449002,0.61,1,orange
7098,4.8,48.40572205,-122.6449002,0.61,0,blue
7101,4.6,48.40572205,-122.6449002,0.61,0,blue
7104,1.8,48.40572205,-122.6449002,0.61,0,blue
7107,5.6,48.40572205,-122.6449002,0.71,1,orange
7110,5.2,48.40572205,-122.6449002,0.71,1,orange
7113,5.3,48.40572205,-122.6449002,0.71,1,orange
7116,2.2,48.40572205,-122.6449002,0.71,0,blue
7119,5.6,48.40572205,-122.6449002,0.81,1,orange
7122,5.5,48.40572205,-122.6449002,0.81,1,orange
7125,5.9,48.40572205,-122.6449002,0.81,1,orange
7128,3.0,48.40572205,-122.6449002,0.81,0,blue
7131,5.7,48.40572205,-122.6449002,0.89,1,orange
7134,5.8,48.40572205,-122.6449002,0.89,1,orange
7137,6.5,48.40572205,-122.6449002,0.89,1,orange
7140,3.9,48.40572205,-122.6449002,0.89,0,blue
7143,6.0,48.40572205,-122.6449002,0.95,1,orange
7146,5.9,48.40572205,-122.6449002,0.95,1,orange
7149,7.0,48.40572205,-122.6449002,0.95,1,orange
7152,4.6,48.40572205,-122.6449002,0.99,0,blue
7155,6.2,48.40572205,-122.6449002,0.99,1,orange
7158,5.9,48.40572205,-122.6449002,0.99,1,orange
7161,7.3,48.40572205,-122.6449002,0.99,1,orange
7164,5.1,48.40572205,-122.6449002,1.0,1,orange
7167,6.3,48.40572205,-122.6449002,1.0,1,orange
7170,5.9,48.40572205,-122.6449002,1.0,1,orange
7173,7.6,48.40572205,-122.6449002,1.0,1,orange
7176,5.2,48.40572205,-122.6449002,0.98,1,orange
7179,6.3,48.40572205,-122.6449002,0.98,1,orange
7182,5.9,48.40572205,-122.6449002,0.98,1,orange
7185,7.7,48.40572205,-122.6449002,0.98,1,orange
7188,5.2,48.40572205,-122.6449002,0.93,1,orange
7191,6.2,48.40572205,-122.6449002,0.93,1,orange
7194,5.8,48.40572205,-122.6449002,0.93,1,orange
7197,7.8,48.40572205,-122.6449002,0.93,1,orange
7200,5.1,48.40572205,-122.6449002,0.85,1,orange
7203,5.9,48.40572205,-122.6449002,0.85,1,orange
7206,5.5,48.40572205,-122.6449002,0.85,1,orange
7209,7.8,48.40572205,-122.6449002,0.85,1,orange
7212,4.8,48.40572205,-122.6449002,0.76,0,blue
7215,5.3,48.40572205,-122.6449002,0.76,1,orange
7218,4.9,48.40572205,-122.6449002,0.76,0,blue
7221,7.4,48.40572205,-122.6449002,0.76,1,orange
7224,4.6,48.40572205,-122.6449002,0.66,0,blue
7227,4.7,48.40572205,-122.6449002,0.66,0,blue
7230,4.0,48.40572205,-122.6449002,0.66,0,blue
7233,6.7,48.40572205,-122.6449002,0.66,1,orange
7236,4.6,48.40572205,-122.6449002,0.55,0,blue
7239,4.6,48.40572205,-122.6449002,0.55,0,blue
7242,3.1,48.40572205,-122.6449002,0.55,0,blue
7245,5.9,48.40572205,-122.6449002,0.44,1,orange
7248,4.8,48.40572205,-122.6449002,0.44,0,blue
7251,5.0,48.40572205,-122.6449002,0.44,1,orange
7254,2.6,48.40572205,-122.6449002,0.44,0,blue
7257,5.1,48.40572205,-122.6449002,0.34,1,orange
7260,4.9,48.40572205,-122.6449002,0.34,0,blue
7263,5.6,48.40572205,-122.6449002,0.34,1,orange
7266,2.7,48.40572205,-122.6449002,0.34,0,blue
7269,4.7,48.40572205,-122.6449002,0.25,0,blue
7272,5.0,48.40572205,-122.6449002,0.25,1,orange
7275,6.1,48.40572205,-122.6449002,0.25,1,orange
7278,3.3,48.40572205,-122.6449002,0.25,0,blue
7281,4.6,48.40572205,-122.6449002,0.17,0,blue
7284,4.9,48.40572205,-122.6449002,0.17,0,blue
7287,6.3,48.40572205,-122.6449002,0.17,1,orange
7290,3.9,48.40572205,-122.6449002,0.17,0,blue
7293,4.8,48.40572205,-122.6449002,0.1,0,blue
7296,4.5,48.40572205,-122.6449002,0.1,0,blue
7299,6.2,48.40572205,-122.6449002,0.1,1,orange
7302,4.4,48.40572205,-122.6449002,0.05,0,blue
7305,4.9,48.40572205,-122.6449002,0.05,0,blue
7308,4.2,48.40572205,-122.6449002,0.05,0,blue
7311,6.0,48.40572205,-122.6449002,0.05,1,orange
7314,4.5,48.40572205,-122.6449002,0.02,0,blue
7317,5.1,48.40572205,-122.6449002,0.02,1,orange
7320,4.0,48.40572205,-122.6449002,0.02,0,blue
7323,5.9,48.40572205,-122.6449002,0.02,1,orange
7326,4.5,48.40572205,-122.6449002,0.0,0,blue
7329,5.1,48.40572205,-122.6449002,0.0,1,orange
7332,4.0,48.40572205,-122.6449002,0.0,0,blue
7335,6.0,48.40572205,-122.6449002,0.0,1,orange
7338,4.5,48.40572205,-122.6449002,0.0,0,blue
7341,5.2,48.40572205,-122.6449002,0.0,1,orange
7344,4.2,48.40572205,-122.6449002,0.0,0,blue
7347,6.2,48.40572205,-122.6449002,0.0,1,orange
7350,4.6,48.40572205,-122.6449002,0.02,0,blue
7353,5.2,48.40572205,-122.6449002,0.02,1,orange
7356,4.3,48.40572205,-122.6449002,0.02,0,blue
7359,6.5,48.40572205,-122.6449002,0.02,1,orange
7362,4.7,48.40572205,-122.6449002,0.06,0,blue
7365,5.2,48.40572205,-122.6449002,0.06,1,orange
7368,4.3,48.40572205,-122.6449002,0.06,0,blue
7371,6.9,48.40572205,-122.6449002,0.06,1,orange
7374,5.0,48.40572205,-122.6449002,0.11,1,orange
7377,5.0,48.40572205,-122.6449002,0.11,1,orange
7380,4.0,48.40572205,-122.6449002,0.11,0,blue
7383,7.1,48.40572205,-122.6449002,0.11,1,orange
7386,5.2,48.40572205,-122.6449002,0.18,1,orange
7389,4.6,48.40572205,-122.6449002,0.18,0,blue
7392,3.4,48.40572205,-122.6449002,0.18,0,blue
7395,7.0,48.40572205,-122.6449002,0.18,1,orange
7398,5.4,48.40572205,-122.6449002,0.26,1,orange
7401,4.3,48.40572205,-122.6449002,0.26,0,blue
7404,2.6,48.40572205,-122.6449002,0.26,0,blue
7407,6.6,48.40572205,-122.6449002,0.26,1,orange
7410,5.4,48.40572205,-122.6449002,0.35,1,orange
7413,4.0,48.40572205,-122.6449002,0.35,0,blue
7416,1.8,48.40572205,-122.6449002,0.35,0,blue
7419,5.9,48.40572205,-122.6449002,0.35,1,orange
7422,5.3,48.40572205,-122.6449002,0.45,1,orange
7425,4.3,48.40572205,-122.6449002,0.45,0,blue
7428,1.5,48.40572205,-122.6449002,0.45,0,blue
7431,5.2,48.40572205,-122.6449002,0.56,1,orange
7434,5.1,48.40572205,-122.6449002,0.56,1,orange
7437,4.9,48.40572205,-122.6449002,0.56,0,blue
7439,1.7,48.40572205,-122.6449002,0.56,0,blue
7443,4.8,48.40572205,-122.6449002,0.67,0,blue
7446,5.0,48.40572205,-122.6449002,0.67,1,orange
7449,5.5,48.40572205,-122.6449002,0.67,1,orange
7452,2.5,48.40572205,-122.6449002,0.67,0,blue
7455,4.8,48.40572205,-122.6449002,0.77,0,blue
7458,5.0,48.40572205,-122.6449002,0.77,1,orange
7461,6.1,48.40572205,-122.6449002,0.77,1,orange
7464,3.6,48.40572205,-122.6449002,0.77,0,blue
7467,5.1,48.40572205,-122.6449002,0.86,1,orange
7470,5.1,48.40572205,-122.6449002,0.86,1,orange
7473,6.7,48.40572205,-122.6449002,0.86,1,orange
7476,4.5,48.40572205,-122.6449002,0.86,0,blue
7479,5.6,48.40572205,-122.6449002,0.93,1,orange
7482,5.3,48.40572205,-122.6449002,0.93,1,orange
7485,7.3,48.40572205,-122.6449002,0.93,1,orange
7488,5.1,48.40572205,-122.6449002,0.98,1,orange
7491,6.0,48.40572205,-122.6449002,0.98,1,orange
7494,5.6,48.40572205,-122.6449002,0.98,1,orange
7497,7.7,48.40572205,-122.6449002,0.98,1,orange
7500,5.4,48.40572205,-122.6449002,1.0,1,orange
7503,6.2,48.40572205,-122.6449002,1.0,1,orange
7506,5.8,48.40572205,-122.6449002,1.0,1,orange
7509,8.0,48.40572205,-122.6449002,1.0,1,orange
7512,5.6,48.40572205,-122.6449002,0.99,1,orange
7515,6.1,48.40572205,-122.6449002,0.99,1,orange
7518,5.8,48.40572205,-122.6449002,0.99,1,orange
7521,8.2,48.40572205,-122.6449002,0.99,1,orange
7524,5.6,48.40572205,-122.6449002,0.95,1,orange
7527,5.9,48.40572205,-122.6449002,0.95,1,orange
7530,5.6,48.40572205,-122.6449002,0.95,1,orange
7533,8.3,48.40572205,-122.6449002,0.95,1,orange
7536,5.7,48.40572205,-122.6449002,0.88,1,orange
7539,5.7,48.40572205,-122.6449002,0.88,1,orange
7542,5.0,48.40572205,-122.6449002,0.88,1,orange
7545,8.0,48.40572205,-122.6449002,0.88,1,orange
7548,5.6,48.40572205,-122.6449002,0.8,1,orange
7551,5.4,48.40572205,-122.6449002,0.8,1,orange
7554,4.2,48.40572205,-122.6449002,0.8,0,blue
7557,7.4,48.40572205,-122.6449002,0.8,1,orange
7560,5.4,48.40572205,-122.6449002,0.71,1,orange
7563,5.1,48.40572205,-122.6449002,0.71,1,orange
7566,3.2,48.40572205,-122.6449002,0.71,0,blue
7569,6.4,48.40572205,-122.6449002,0.71,1,orange
7572,5.0,48.40572205,-122.6449002,0.6,1,orange
7575,5.1,48.40572205,-122.6449002,0.6,1,orange
7578,2.4,48.40572205,-122.6449002,0.6,0,blue
7581,5.1,48.40572205,-122.6449002,0.6,1,orange
7584,4.6,48.40572205,-122.6449002,0.5,0,blue
7587,5.3,48.40572205,-122.6449002,0.5,1,orange
7590,2.2,48.40572205,-122.6449002,0.5,0,blue
7593,4.0,48.40572205,-122.6449002,0.4,0,blue
7596,4.1,48.40572205,-122.6449002,0.4,0,blue
7599,5.5,48.40572205,-122.6449002,0.4,1,orange
7602,2.5,48.40572205,-122.6449002,0.4,0,blue
7605,3.6,48.40572205,-122.6449002,0.31,0,blue
7608,3.8,48.40572205,-122.6449002,0.31,0,blue
7611,5.6,48.40572205,-122.6449002,0.31,1,orange
7614,3.2,48.40572205,-122.6449002,0.31,0,blue
7617,3.9,48.40572205,-122.6449002,0.22,0,blue
7620,3.5,48.40572205,-122.6449002,0.22,0,blue
7623,5.6,48.40572205,-122.6449002,0.22,1,orange
7626,3.8,48.40572205,-122.6449002,0.22,0,blue
7629,4.3,48.40572205,-122.6449002,0.15,0,blue
7632,3.5,48.40572205,-122.6449002,0.15,0,blue
7635,5.5,48.40572205,-122.6449002,0.15,1,orange
7638,4.2,48.40572205,-122.6449002,0.15,0,blue
7641,4.7,48.40572205,-122.6449002,0.09,0,blue
7644,3.6,48.40572205,-122.6449002,0.09,0,blue
7647,5.6,48.40572205,-122.6449002,0.09,1,orange
7650,4.3,48.40572205,-122.6449002,0.04,0,blue
7653,5.0,48.40572205,-122.6449002,0.04,1,orange
7656,3.9,48.40572205,-122.6449002,0.04,0,blue
7659,5.9,48.40572205,-122.6449002,0.04,1,orange
7662,4.4,48.40572205,-122.6449002,0.01,0,blue
7665,5.1,48.40572205,-122.6449002,0.01,1,orange
7668,4.2,48.40572205,-122.6449002,0.01,0,blue
7671,6.4,48.40572205,-122.6449002,0.01,1,orange
7674,4.7,48.40572205,-122.6449002,0.0,0,blue
7677,5.1,48.40572205,-122.6449002,0.0,1,orange
7680,4.4,48.40572205,-122.6449002,0.0,0,blue
7683,6.9,48.40572205,-122.6449002,0.0,1,orange
7686,5.0,48.40572205,-122.6449002,0.01,1,orange
7689,5.1,48.40572205,-122.6449002,0.01,1,orange
7692,4.4,48.40572205,-122.6449002,0.01,0,blue
7695,7.3,48.40572205,-122.6449002,0.01,1,orange
7698,5.4,48.40572205,-122.6449002,0.03,1,orange
7701,5.1,48.40572205,-122.6449002,0.03,1,orange
7704,4.0,48.40572205,-122.6449002,0.03,0,blue
7707,7.6,48.40572205,-122.6449002,0.03,1,orange
7710,5.9,48.40572205,-122.6449002,0.07,1,orange
7713,5.0,48.40572205,-122.6449002,0.07,1,orange
7716,3.5,48.40572205,-122.6449002,0.07,0,blue
7719,7.6,48.40572205,-122.6449002,0.07,1,orange
7722,6.3,48.40572205,-122.6449002,0.14,1,orange
7725,5.0,48.40572205,-122.6449002,0.14,1,orange
7728,2.9,48.40572205,-122.6449002,0.14,0,blue
7731,7.3,48.40572205,-122.6449002,0.14,1,orange
7734,6.4,48.40572205,-122.6449002,0.21,1,orange
7737,4.9,48.40572205,-122.6449002,0.21,0,blue
7740,2.2,48.40572205,-122.6449002,0.21,0,blue
7743,6.6,48.40572205,-122.6449002,0.21,1,orange
7746,6.2,48.40572205,-122.6449002,0.3,1,orange
7749,4.9,48.40572205,-122.6449002,0.3,0,blue
7752,1.8,48.40572205,-122.6449002,0.3,0,blue
7755,5.7,48.40572205,-122.6449002,0.3,1,orange
7758,5.6,48.40572205,-122.6449002,0.4,1,orange
7761,4.9,48.40572205,-122.6449002,0.4,0,blue
7764,1.7,48.40572205,-122.6449002,0.4,0,blue
7767,4.7,48.40572205,-122.6449002,0.4,0,blue
7770,5.0,48.40572205,-122.6449002,0.51,1,orange
7773,5.2,48.40572205,-122.6449002,0.51,1,orange
7776,2.1,48.40572205,-122.6449002,0.51,0,blue
7779,4.2,48.40572205,-122.6449002,0.62,0,blue
7782,4.6,48.40572205,-122.6449002,0.62,0,blue
7785,5.7,48.40572205,-122.6449002,0.62,1,orange
7788,2.9,48.40572205,-122.6449002,0.62,0,blue
7791,4.3,48.40572205,-122.6449002,0.73,0,blue
7794,4.5,48.40572205,-122.6449002,0.73,0,blue
7797,6.2,48.40572205,-122.6449002,0.73,1,orange
7800,3.9,48.40572205,-122.6449002,0.73,0,blue
7803,4.8,48.40572205,-122.6449002,0.83,0,blue
7806,4.7,48.40572205,-122.6449002,0.83,0,blue
7809,6.9,48.40572205,-122.6449002,0.83,1,orange
7812,4.8,48.40572205,-122.6449002,0.83,0,blue
7815,5.4,48.40572205,-122.6449002,0.91,1,orange
7818,5.2,48.40572205,-122.6449002,0.91,1,orange
7821,7.6,48.40572205,-122.6449002,0.91,1,orange
7824,5.4,48.40572205,-122.6449002,0.91,1,orange
7827,5.8,48.40572205,-122.6449002,0.96,1,orange
7830,5.6,48.40572205,-122.6449002,0.96,1,orange
7833,8.1,48.40572205,-122.6449002,0.96,1,orange
7836,5.8,48.40572205,-122.6449002,0.99,1,orange
7839,5.9,48.40572205,-122.6449002,0.99,1,orange
7842,5.7,48.40572205,-122.6449002,0.99,1,orange
7845,8.5,48.40572205,-122.6449002,0.99,1,orange
7848,6.0,48.40572205,-122.6449002,1.0,1,orange
7851,5.9,48.40572205,-122.6449002,1.0,1,orange
7854,5.5,48.40572205,-122.6449002,1.0,1,orange
7857,8.6,48.40572205,-122.6449002,1.0,1,orange
7860,6.3,48.40572205,-122.6449002,0.97,1,orange
7863,5.9,48.40572205,-122.6449002,0.97,1,orange
7866,4.9,48.40572205,-122.6449002,0.97,0,blue
7869,8.3,48.40572205,-122.6449002,0.97,1,orange
7872,6.4,48.40572205,-122.6449002,0.92,1,orange
7875,5.9,48.40572205,-122.6449002,0.92,1,orange
7878,4.2,48.40572205,-122.6449002,0.92,0,blue
7881,7.8,48.40572205,-122.6449002,0.92,1,orange
7884,6.2,48.40572205,-122.6449002,0.85,1,orange
7887,5.8,48.40572205,-122.6449002,0.85,1,orange
7890,3.5,48.40572205,-122.6449002,0.85,0,blue
7893,6.9,48.40572205,-122.6449002,0.85,1,orange
7896,5.7,48.40572205,-122.6449002,0.76,1,orange
7899,5.6,48.40572205,-122.6449002,0.76,1,orange
7902,2.8,48.40572205,-122.6449002,0.76,0,blue
7905,5.7,48.40572205,-122.6449002,0.76,1,orange
7908,4.9,48.40572205,-122.6449002,0.67,0,blue
7911,5.3,48.40572205,-122.6449002,0.67,1,orange
7914,2.3,48.40572205,-122.6449002,0.67,0,blue
7917,4.4,48.40572205,-122.6449002,0.67,0,blue
7920,4.0,48.40572205,-122.6449002,0.57,0,blue
7923,5.1,48.40572205,-122.6449002,0.57,1,orange
7926,2.2,48.40572205,-122.6449002,0.57,0,blue
7929,3.4,48.40572205,-122.6449002,0.57,0,blue
7932,3.2,48.40572205,-122.6449002,0.47,0,blue
7935,4.8,48.40572205,-122.6449002,0.47,0,blue
7938,2.5,48.40572205,-122.6449002,0.47,0,blue
7941,3.2,48.40572205,-122.6449002,0.38,0,blue
7944,2.7,48.40572205,-122.6449002,0.38,0,blue
7947,4.7,48.40572205,-122.6449002,0.38,0,blue
7950,2.9,48.40572205,-122.6449002,0.38,0,blue
7953,3.6,48.40572205,-122.6449002,0.29,0,blue
7956,2.7,48.40572205,-122.6449002,0.29,0,blue
7959,4.7,48.40572205,-122.6449002,0.29,0,blue
7962,3.3,48.40572205,-122.6449002,0.29,0,blue
7965,4.1,48.40572205,-122.6449002,0.21,0,blue
7968,3.0,48.40572205,-122.6449002,0.21,0,blue
7971,5.0,48.40572205,-122.6449002,0.21,1,orange
7974,3.7,48.40572205,-122.6449002,0.21,0,blue
7977,4.5,48.40572205,-122.6449002,0.14,0,blue
7980,3.5,48.40572205,-122.6449002,0.14,0,blue
7983,5.5,48.40572205,-122.6449002,0.14,1,orange
7986,4.0,48.40572205,-122.6449002,0.14,0,blue
7989,4.8,48.40572205,-122.6449002,0.08,0,blue
7992,4.0,48.40572205,-122.6449002,0.08,0,blue
7995,6.2,48.40572205,-122.6449002,0.08,1,orange
7998,4.4,48.40572205,-122.6449002,0.08,0,blue
8001,4.9,48.40572205,-122.6449002,0.04,0,blue
8004,4.3,48.40572205,-122.6449002,0.04,0,blue
8007,6.9,48.40572205,-122.6449002,0.04,1,orange
8010,5.0,48.40572205,-122.6449002,0.04,1,orange
8013,5.0,48.40572205,-122.6449002,0.01,1,orange
8016,4.3,48.40572205,-122.6449002,0.01,0,blue
8019,7.5,48.40572205,-122.6449002,0.01,1,orange
8022,5.7,48.40572205,-122.6449002,0.01,1,orange
8025,5.1,48.40572205,-122.6449002,0.0,1,orange
8028,3.9,48.40572205,-122.6449002,0.0,0,blue
8031,7.8,48.40572205,-122.6449002,0.0,1,orange
8034,6.3,48.40572205,-122.6449002,0.01,1,orange
8037,5.2,48.40572205,-122.6449002,0.01,1,orange
8040,3.5,48.40572205,-122.6449002,0.01,0,blue
8043,7.8,48.40572205,-122.6449002,0.01,1,orange
8046,6.8,48.40572205,-122.6449002,0.05,1,orange
8049,5.4,48.40572205,-122.6449002,0.05,1,orange
8052,3.0,48.40572205,-122.6449002,0.05,0,blue
8055,7.6,48.40572205,-122.6449002,0.05,1,orange
8058,7.0,48.40572205,-122.6449002,0.1,1,orange
8061,5.6,48.40572205,-122.6449002,0.1,1,orange
8064,2.7,48.40572205,-122.6449002,0.1,0,blue
8067,7.1,48.40572205,-122.6449002,0.1,1,orange
8070,6.9,48.40572205,-122.6449002,0.17,1,orange
8073,5.8,48.40572205,-122.6449002,0.17,1,orange
8076,2.5,48.40572205,-122.6449002,0.17,0,blue
8079,6.3,48.40572205,-122.6449002,0.17,1,orange
8082,6.3,48.40572205,-122.6449002,0.26,1,orange
8085,5.8,48.40572205,-122.6449002,0.26,1,orange
8088,2.4,48.40572205,-122.6449002,0.26,0,blue
8091,5.4,48.40572205,-122.6449002,0.26,1,orange
8094,5.5,48.40572205,-122.6449002,0.36,1,orange
8097,5.7,48.40572205,-122.6449002,0.36,1,orange
8100,2.5,48.40572205,-122.6449002,0.36,0,blue
8103,4.5,48.40572205,-122.6449002,0.36,0,blue
8106,4.7,48.40572205,-122.6449002,0.47,0,blue
8109,5.6,48.40572205,-122.6449002,0.47,1,orange
8112,2.7,48.40572205,-122.6449002,0.47,0,blue
8115,4.1,48.40572205,-122.6449002,0.58,0,blue
8118,4.3,48.40572205,-122.6449002,0.58,0,blue
8121,5.9,48.40572205,-122.6449002,0.58,1,orange
8124,3.2,48.40572205,-122.6449002,0.58,0,blue
8127,4.2,48.40572205,-122.6449002,0.69,0,blue
8130,4.3,48.40572205,-122.6449002,0.69,0,blue
8133,6.4,48.40572205,-122.6449002,0.69,1,orange
8136,4.0,48.40572205,-122.6449002,0.69,0,blue
8139,4.6,48.40572205,-122.6449002,0.79,0,blue
8142,4.7,48.40572205,-122.6449002,0.79,0,blue
8145,7.1,48.40572205,-122.6449002,0.79,1,orange
8148,4.9,48.40572205,-122.6449002,0.79,0,blue
8151,5.2,48.40572205,-122.6449002,0.88,1,orange
8154,5.1,48.40572205,-122.6449002,0.88,1,orange
8157,7.8,48.40572205,-122.6449002,0.88,1,orange
8160,5.7,48.40572205,-122.6449002,0.88,1,orange
8163,5.6,48.40572205,-122.6449002,0.94,1,orange
8166,5.4,48.40572205,-122.6449002,0.94,1,orange
8169,8.4,48.40572205,-122.6449002,0.94,1,orange
8172,6.3,48.40572205,-122.6449002,0.94,1,orange
8175,5.8,48.40572205,-122.6449002,0.98,1,orange
8178,5.3,48.40572205,-122.6449002,0.98,1,orange
8181,8.6,48.40572205,-122.6449002,0.98,1,orange
8184,6.7,48.40572205,-122.6449002,1.0,1,orange
8187,6.0,48.40572205,-122.6449002,1.0,1,orange
8190,4.8,48.40572205,-122.6449002,1.0,0,blue
8193,8.3,48.40572205,-122.6449002,1.0,1,orange
8196,6.9,48.40572205,-122.6449002,0.99,1,orange
8199,6.2,48.40572205,-122.6449002,0.99,1,orange
8202,4.2,48.40572205,-122.6449002,0.99,0,blue
8205,7.8,48.40572205,-122.6449002,0.99,1,orange
8208,6.7,48.40572205,-122.6449002,0.95,1,orange
8211,6.3,48.40572205,-122.6449002,0.95,1,orange
8214,3.7,48.40572205,-122.6449002,0.95,0,blue
8217,6.9,48.40572205,-122.6449002,0.95,1,orange
8220,6.2,48.40572205,-122.6449002,0.89,1,orange
8223,6.2,48.40572205,-122.6449002,0.89,1,orange
8226,3.3,48.40572205,-122.6449002,0.89,0,blue
8229,6.0,48.40572205,-122.6449002,0.89,1,orange
8232,5.4,48.40572205,-122.6449002,0.82,1,orange
8235,5.8,48.40572205,-122.6449002,0.82,1,orange
8238,2.9,48.40572205,-122.6449002,0.82,0,blue
8241,5.0,48.40572205,-122.6449002,0.82,1,orange
8244,4.5,48.40572205,-122.6449002,0.74,0,blue
8247,5.2,48.40572205,-122.6449002,0.74,1,orange
8250,2.6,48.40572205,-122.6449002,0.74,0,blue
8253,4.1,48.40572205,-122.6449002,0.74,0,blue
8256,3.5,48.40572205,-122.6449002,0.65,0,blue
8259,4.6,48.40572205,-122.6449002,0.65,0,blue
8262,2.4,48.40572205,-122.6449002,0.65,0,blue
8265,3.3,48.40572205,-122.6449002,0.65,0,blue
8268,2.8,48.40572205,-122.6449002,0.56,0,blue
8271,4.2,48.40572205,-122.6449002,0.56,0,blue
8274,2.2,48.40572205,-122.6449002,0.56,0,blue
8277,3.2,48.40572205,-122.6449002,0.46,0,blue
8280,2.5,48.40572205,-122.6449002,0.46,0,blue
8283,4.1,48.40572205,-122.6449002,0.46,0,blue
8286,2.3,48.40572205,-122.6449002,0.46,0,blue
8289,3.4,48.40572205,-122.6449002,0.37,0,blue
8292,2.6,48.40572205,-122.6449002,0.37,0,blue
8295,4.4,48.40572205,-122.6449002,0.37,0,blue
8298,2.6,48.40572205,-122.6449002,0.37,0,blue
8301,3.8,48.40572205,-122.6449002,0.28,0,blue
8304,3.0,48.40572205,-122.6449002,0.28,0,blue
8307,4.9,48.40572205,-122.6449002,0.28,0,blue
8310,3.2,48.40572205,-122.6449002,0.28,0,blue
8313,4.2,48.40572205,-122.6449002,0.2,0,blue
8316,3.4,48.40572205,-122.6449002,0.2,0,blue
8319,5.7,48.40572205,-122.6449002,0.2,1,orange
8322,3.9,48.40572205,-122.6449002,0.2,0,blue
8325,4.6,48.40572205,-122.6449002,0.13,0,blue
8328,3.8,48.40572205,-122.6449002,0.13,0,blue
8331,6.5,48.40572205,-122.6449002,0.13,1,orange
8334,4.7,48.40572205,-122.6449002,0.13,0,blue
8336,4.9,48.40572205,-122.6449002,0.07,0,blue
8340,3.9,48.40572205,-122.6449002,0.07,0,blue
8343,7.2,48.40572205,-122.6449002,0.07,1,orange
8346,5.6,48.40572205,-122.6449002,0.07,1,orange
8349,5.1,48.40572205,-122.6449002,0.03,1,orange
8352,3.7,48.40572205,-122.6449002,0.03,0,blue
8355,7.6,48.40572205,-122.6449002,0.03,1,orange
8358,6.4,48.40572205,-122.6449002,0.03,1,orange
8361,5.4,48.40572205,-122.6449002,0.01,1,orange
8364,3.4,48.40572205,-122.6449002,0.01,0,blue
8367,7.7,48.40572205,-122.6449002,0.01,1,orange
8370,6.9,48.40572205,-122.6449002,0.0,1,orange
8373,5.7,48.40572205,-122.6449002,0.0,1,orange
8376,3.2,48.40572205,-122.6449002,0.0,0,blue
8379,7.5,48.40572205,-122.6449002,0.0,1,orange
